id	dG	pass	q_found	Y	explicit_search
89	2	1	0	0,1,4,5,6	0
107	1	1	1	0,1,3,4,5	0
131	4	1	2	0,1,4,5,6	0
184	3	1	1	6,7,0,1,2	0
186	3	1	2	0,1,3,4,5	0
228	4	1	2	0,1,4,5,6	0
230	5	1	3	0,1,4,5,6	0
232	4	1	2	0,1,4,5,6	0
233	3	1	1	0,1,4,5,6	0
242	4	1	2	0,1,3,4,5	0
258	3	1	2	0,1,2,3,4	0
296	3	1	2	0,1,3,4,5	0
303	2	1	2	0,1,3,4,5	0
378	3	1	1	5,6,0,1,2	0
396	2	1	2	6,7,0,1,2	0
402	4	1	4	6,7,0,1,2	0
416	6	1	4	0,1,4,5,6	1
419	4	1	2	4,5,0,1,2	0
425	4	1	2	0,1,3,4,5	0
426	5	1	3	0,1,3,4,5	0
434	3	1	2	0,6,1,2,3	0
437	3	1	2	0,1,2,3,4	0
438	5	1	4	0,1,3,4,5	0
454	4	1	1	0,1,2,3,4	0
482	5	1	4	5,6,0,1,2	0
484	5	1	4	0,1,2,3,4	0
495	5	1	3	0,1,4,5,6	0
496	5	1	3	0,1,4,5,6	0
499	5	1	4	0,1,3,4,5	0
508	4	1	2	0,2,1,4,5	0
510	6	1	4	0,1,3,4,5	1
512	5	1	2	0,1,3,4,5	0
514	5	1	3	2,3,0,1,5	0
518	5	1	3	1,5,0,2,3	0
522	3	1	3	0,1,2,3,4	0
225	4	1	2	0,1,4,5,6	0
524	5	1	4	0,1,3,4,5	0
500	5	1	4	0,1,3,4,5	0
423	5	1	4	0,1,2,4,5	0
528	5	1	2	0,1,3,4,5	0
559	6	1	4	0,1,4,5,6	1
563	5	1	3	1,4,0,2,3	0
575	5	1	3	4,6,0,1,2	0
576	4	1	4	2,3,0,1,4	0
557	4	1	1	4,6,0,1,2	0
577	4	1	1	6,7,0,1,2	0
583	5	1	3	0,1,4,5,6	0
600	5	1	4	2,3,0,1,4	0
525	5	1	4	0,1,3,4,5	0
616	4	1	4	0,1,2,3,4	0
618	4	1	2	1,2,0,4,5	0
624	3	1	2	0,1,3,5,6	0
632	4	1	2	0,1,4,5,6	0
650	5	1	4	3,6,0,1,2	0
661	4	1	3	0,1,3,4,5	0
665	6	1	4	0,1,3,4,5	1
677	5	1	4	2,3,0,1,5	0
679	5	1	3	0,2,1,3,4	0
682	3	1	1	0,1,3,4,5	0
683	3	1	1	0,1,3,4,5	0
502	5	1	4	0,3,1,2,5	0
685	3	1	1	0,1,2,3,4	0
692	6	1	5	0,1,4,5,6	1
695	4	1	3	0,1,3,4,5	0
294	4	1	2	0,1,4,5,6	0
696	3	1	2	0,1,3,4,5	0
706	4	1	1	0,1,3,4,5	0
728	4	1	1	2,6,0,1,3	0
735	6	1	5	2,4,0,1,3	1
736	5	1	4	0,1,2,3,4	0
739	4	1	3	0,1,3,4,5	0
740	5	1	3	0,1,2,4,5	0
746	5	1	3	0,2,1,4,5	0
742	5	1	3	0,2,1,4,5	0
747	4	1	3	0,2,1,4,5	0
749	5	1	4	0,1,2,3,4	0
751	5	1	3	0,1,3,4,5	0
755	5	1	3	2,3,0,1,4	0
777	3	1	2	0,1,2,4,5	0
796	3	1	1	0,2,1,3,5	0
798	4	1	3	0,1,2,3,4	0
800	3	1	2	0,1,3,4,5	0
812	5	1	4	1,2,0,4,5	0
816	4	1	1	0,6,1,2,3	0
820	4	1	2	0,2,1,3,4	0
825	3	1	2	0,1,2,3,4	0
831	4	1	3	1,2,0,3,4	0
832	2	1	1	0,1,2,4,5	0
835	4	1	1	1,2,0,4,5	0
773	4	1	2	1,2,0,4,5	0
401	6	1	4	0,1,4,5,6	1
610	4	1	3	4,5,0,1,2	0
837	4	1	3	0,6,1,2,3	0
839	5	1	2	0,6,1,2,3	0
841	4	1	2	3,4,0,1,2	0
842	5	1	4	0,1,3,4,5	0
838	4	1	3	0,1,2,3,4	0
843	5	1	4	0,1,3,4,5	0
684	4	1	2	0,5,1,2,3	0
853	5	1	4	0,1,2,3,5	0
856	5	1	3	0,2,1,4,5	0
861	5	1	3	0,1,3,4,5	0
865	4	1	2	0,1,3,4,5	0
866	3	1	1	0,2,1,4,5	0
868	4	1	3	0,1,2,4,5	0
869	5	1	3	0,1,2,4,5	0
871	3	1	2	0,1,3,4,5	0
608	4	1	2	4,6,0,1,2	0
873	3	1	2	0,1,3,4,5	0
882	4	1	2	0,1,2,3,4	0
877	4	1	2	0,2,1,4,5	0
888	5	1	3	2,3,0,1,5	0
890	4	1	3	0,2,1,4,5	0
892	5	1	2	0,1,3,4,5	0
895	6	1	5	0,1,2,3,4	1
894	5	1	3	2,3,0,1,5	0
897	4	1	2	0,1,2,3,4	0
898	3	1	2	0,1,2,3,4	0
903	5	1	3	1,2,0,4,5	0
901	2	1	2	0,1,2,3,4	0
906	5	1	3	0,2,1,4,5	0
907	5	1	2	2,3,0,1,5	0
909	5	1	4	0,1,3,4,5	0
851	3	1	1	0,2,1,4,5	0
916	4	1	2	0,1,2,3,4	0
918	4	1	2	0,1,2,3,4	0
926	3	1	2	0,1,2,3,4	0
931	3	1	2	0,1,3,4,5	0
932	5	1	2	0,1,3,4,5	0
934	4	1	1	0,1,3,4,5	0
935	4	1	2	0,1,3,4,5	0
938	4	1	3	0,1,3,4,5	0
940	3	1	2	0,1,3,4,5	0
951	4	1	2	0,1,3,4,5	0
760	3	1	2	0,1,2,3,4	0
956	4	1	3	1,2,0,4,5	0
1022	5	1	3	0,1,4,5,6	0
1029	5	1	3	0,1,2,3,4	0
912	2	1	2	0,1,2,3,4	0
1049	5	1	5	0,2,1,3,4	0
1079	6	1	4	0,1,2,3,5	1
1081	6	1	4	0,1,2,3,4	1
1082	6	1	4	0,1,2,3,4	1
1085	6	1	5	2,3,0,1,4	1
1108	6	1	4	0,1,3,4,6	1
1088	5	1	3	0,1,3,4,5	0
1109	6	1	4	0,1,3,4,5	1
1124	6	1	5	0,2,1,4,6	1
1122	5	1	4	1,3,0,2,5	0
1125	6	1	4	0,1,3,4,5	1
1137	5	1	4	1,2,0,3,4	0
872	5	1	3	0,1,3,4,5	0
1179	5	1	4	0,1,2,3,4	0
1198	5	1	3	0,4,1,2,3	0
1221	4	1	2	0,1,3,4,5	0
1247	3	1	0	0,1,3,4,5	0
1259	6	1	4	0,1,3,4,5	1
1268	5	1	3	5,6,0,1,2	0
1280	6	1	4	0,1,3,4,5	1
1285	6	1	4	2,3,0,1,5	1
1281	6	1	5	0,1,3,4,5	1
1286	6	1	5	0,1,2,3,4	1
1287	6	1	4	2,3,0,1,5	1
1291	5	1	3	0,1,3,4,5	0
1298	6	1	5	0,5,1,2,3	1
1300	4	1	3	0,1,2,3,4	0
1134	5	1	4	4,5,0,1,2	0
921	3	1	2	0,7,1,2,3	0
1317	6	1	4	3,5,0,1,2	1
1321	6	1	4	0,1,2,3,4	1
1322	6	1	4	0,4,1,2,3	1
1318	6	1	4	5,6,0,1,2	1
1323	6	1	4	5,6,0,1,2	1
1328	6	1	4	0,1,2,3,5	1
1330	5	1	3	0,1,2,4,5	0
1332	6	1	5	2,3,0,1,5	1
1338	6	1	4	4,5,0,1,2	1
1352	7	1	5	0,1,2,3,5	1
1299	6	1	4	0,1,3,4,5	1
1362	5	1	3	0,3,1,2,5	0
1127	6	1	5	1,2,0,4,5	1
1364	6	1	5	0,3,1,2,5	1
1365	6	1	4	0,1,3,4,5	1
836	3	1	2	0,2,1,3,4	0
1382	6	1	5	0,1,2,3,5	1
1387	6	1	4	0,1,2,4,5	1
1393	5	1	4	0,1,3,4,5	0
1404	2	1	2	0,1,4,5,6	0
1417	5	1	5	2,4,0,1,3	0
1374	5	1	4	0,1,3,4,5	0
1473	5	1	3	0,1,4,5,6	0
1479	4	1	2	1,3,0,2,4	0
1304	5	1	3	0,1,3,4,5	0
1363	6	1	4	0,1,3,4,5	1
1521	6	1	5	0,1,2,3,4	1
1518	5	1	3	2,4,0,1,3	0
1535	5	1	2	0,1,3,4,5	0
1537	5	1	3	0,1,2,3,5	0
1538	4	1	3	1,4,0,2,3	0
1564	5	1	3	0,3,1,2,5	0
1574	4	1	3	0,2,1,3,4	0
1587	4	1	3	0,1,2,3,4	0
1588	5	1	4	1,2,0,4,5	0
1590	5	1	4	2,4,0,1,3	0
1602	5	1	4	0,1,2,3,4	0
1618	5	1	3	4,5,0,1,2	0
1522	5	1	5	2,3,0,1,4	0
1627	5	1	4	0,1,2,3,4	0
1630	5	1	4	0,1,2,3,4	0
1634	5	1	3	0,2,1,3,5	0
1635	4	1	2	5,6,0,1,2	0
1636	4	1	3	5,6,0,1,2	0
1637	6	1	5	0,1,2,3,4	1
1640	4	1	3	0,2,1,4,5	0
1646	4	1	2	0,1,4,5,6	0
1648	5	1	4	0,1,4,5,6	0
1652	5	1	4	0,1,2,3,4	0
1343	6	1	5	2,3,0,1,5	1
1656	5	1	4	0,1,2,3,5	0
1657	6	1	4	2,3,0,1,4	1
1659	5	1	3	0,1,2,5,6	0
1361	6	1	5	0,1,3,4,5	1
1663	5	1	3	1,2,0,4,5	0
1530	2	1	1	0,4,1,2,3	0
1654	5	1	4	0,1,2,3,4	0
1672	6	1	4	0,1,3,4,5	1
1674	7	1	5	0,1,2,3,5	1
1675	4	1	3	0,2,1,3,5	0
1676	6	1	5	0,1,2,4,5	1
1677	6	1	4	0,1,3,4,5	1
1678	5	1	3	0,1,3,4,5	0
1681	3	1	2	0,1,3,4,5	0
1671	4	1	2	4,5,0,1,2	0
1684	4	1	3	0,2,1,4,5	0
1685	6	1	5	5,6,0,1,3	1
1687	7	1	4	0,1,2,3,4	1
1688	3	1	3	0,2,1,3,5	0
1689	5	1	4	0,1,2,3,4	0
1690	6	1	4	0,1,2,3,5	1
1691	3	1	2	0,1,2,3,4	0
1621	4	1	2	0,2,1,4,5	0
1699	5	1	4	0,2,1,4,5	0
1700	4	1	3	0,1,2,4,5	0
1702	2	1	2	4,5,0,1,2	0
1703	3	1	1	1,5,0,2,3	0
810	4	1	2	0,2,1,4,5	0
1749	3	1	2	0,1,2,4,5	0
1778	6	1	4	0,3,1,2,4	1
1788	1	1	0	0,1,2,5,6	0
1799	6	1	5	3,6,0,1,2	1
1807	4	1	3	0,1,2,4,5	0
1818	5	1	4	0,1,2,3,4	0
1824	6	1	5	0,6,1,2,3	1
1848	5	1	3	5,6,0,1,2	0
1849	6	1	3	0,1,3,4,5	1
1850	4	1	2	0,1,3,4,5	0
1853	4	1	3	2,3,0,1,5	0
1864	4	1	4	3,4,0,1,2	0
1866	4	1	4	0,1,3,4,5	0
1662	3	1	2	1,2,0,4,5	0
1694	6	1	4	0,1,2,4,5	1
1891	6	1	5	5,6,0,1,2	1
1899	3	1	2	0,1,3,4,5	0
1900	4	1	2	0,2,1,3,4	0
1901	4	1	3	1,2,0,3,4	0
1906	6	1	5	5,6,0,1,2	1
1908	4	1	4	1,2,0,3,4	0
1910	4	1	2	0,1,4,5,6	0
1911	5	1	4	0,1,3,4,5	0
1914	3	1	2	0,1,3,4,5	0
1918	5	1	3	0,1,2,3,5	0
1921	6	1	4	0,1,3,4,5	1
1936	5	1	4	0,1,3,4,5	0
1961	6	1	5	0,2,1,3,4	1
1971	4	1	3	0,1,3,4,5	0
1683	5	1	3	0,1,3,4,5	0
1978	5	1	4	3,4,0,1,2	0
1984	3	1	3	0,1,2,4,5	0
1987	4	1	2	0,1,3,4,5	0
1434	5	1	3	0,1,2,3,4	0
1991	5	1	4	0,1,3,4,5	0
1993	4	1	2	1,2,0,3,4	0
1997	4	1	1	0,3,1,2,5	0
2005	5	1	4	1,2,0,3,4	0
2006	4	1	2	2,3,0,1,5	0
2010	5	1	3	0,1,3,4,5	0
952	3	1	3	0,1,2,3,4	0
2014	4	1	3	0,1,2,3,4	0
1977	6	1	4	0,1,3,4,5	1
2039	6	1	5	0,2,1,3,4	1
2029	5	1	2	2,6,0,1,3	0
1994	3	1	2	0,1,3,4,5	0
2052	6	1	4	2,5,0,1,3	1
2056	5	1	3	0,1,3,4,5	0
2058	6	1	5	2,5,0,1,3	1
2057	6	1	4	0,1,3,4,5	1
2086	5	1	3	0,1,3,4,5	0
2095	4	1	3	0,2,1,4,5	0
2107	5	1	4	0,4,1,2,3	0
2108	4	1	4	0,1,3,4,5	0
2124	5	1	3	0,1,3,4,5	0
2111	6	1	5	0,2,1,3,4	1
2128	5	1	4	0,1,2,3,4	0
2132	5	1	4	0,3,1,2,4	0
2142	2	1	1	0,1,2,4,5	0
2137	5	1	5	0,4,1,2,3	0
2147	4	1	3	1,6,0,2,3	0
2153	5	1	3	2,3,0,1,5	0
1705	4	1	2	1,2,0,4,5	0
2184	4	1	2	0,1,3,4,5	0
2212	4	1	4	0,1,2,3,5	0
2216	4	1	3	0,1,3,4,5	0
2217	3	1	3	0,1,3,4,5	0
2011	6	1	4	1,2,0,4,5	1
2246	5	1	3	0,2,1,3,4	0
2250	6	1	4	1,2,0,3,4	1
2252	6	1	5	0,4,1,2,3	1
2254	3	1	2	1,2,0,3,4	0
2260	5	1	3	0,3,1,2,5	0
2263	6	1	4	1,2,0,3,4	1
2242	3	1	0	0,2,1,3,4	0
2264	6	1	4	0,1,2,4,5	1
2265	5	1	3	0,1,3,4,5	0
2267	5	1	3	0,1,3,4,5	0
1871	5	1	3	0,2,1,3,4	0
2160	4	1	3	0,2,1,4,5	0
2299	5	1	4	0,1,4,5,6	0
2300	5	1	4	5,6,0,1,2	0
2306	6	1	4	1,2,0,4,5	1
2302	6	1	5	0,1,2,3,4	1
2310	5	1	4	0,3,1,2,4	0
2311	5	1	4	0,3,1,2,4	0
2312	3	1	3	0,1,2,3,4	0
2314	5	1	3	0,5,1,2,3	0
2315	5	1	3	5,6,0,1,2	0
2317	5	1	3	5,6,0,1,2	0
2316	5	1	3	1,2,0,4,5	0
2318	5	1	3	5,6,0,1,2	0
2321	5	1	3	0,1,3,4,5	0
2323	6	1	4	0,1,3,4,5	1
2324	5	1	3	0,1,2,3,5	0
2325	6	1	5	0,1,3,4,5	1
2326	5	1	2	0,1,2,3,5	0
2328	5	1	3	4,5,0,1,2	0
2329	6	1	5	1,2,0,4,5	1
2331	6	1	4	1,2,0,4,5	1
2344	5	1	4	0,1,2,3,4	0
2346	4	1	3	0,1,2,3,4	0
2348	5	1	3	0,1,2,3,4	0
2354	4	1	2	0,1,3,4,5	0
2356	6	1	5	3,5,0,1,2	1
2358	5	1	3	1,2,0,4,5	0
2360	5	1	3	1,2,0,4,5	0
2370	5	1	3	0,5,1,2,3	0
2371	5	1	3	0,5,1,2,3	0
2373	6	1	4	1,2,0,4,5	1
2270	1	1	1	0,1,2,3,4	0
2377	5	1	3	0,3,1,2,5	0
2378	5	1	4	5,6,0,1,2	0
2383	3	1	2	0,1,2,3,4	0
2391	5	1	5	1,2,0,3,4	0
2392	5	1	5	1,2,0,3,4	0
2396	5	1	3	0,1,3,4,5	0
2399	4	1	3	0,6,1,2,3	0
2410	6	1	4	1,2,0,4,5	1
2333	6	1	4	0,1,3,4,5	1
2415	6	1	3	0,5,1,2,3	1
2437	6	1	4	1,2,0,3,5	1
2438	4	1	2	0,1,3,4,5	0
2376	4	1	3	0,3,1,2,4	0
2452	4	1	3	0,4,1,2,3	0
2456	5	1	3	0,1,3,4,5	0
2463	5	1	4	0,1,2,4,5	0
2471	6	1	5	0,3,1,2,4	1
2477	6	1	4	0,1,3,4,5	1
2480	5	1	4	0,3,1,2,5	0
2411	5	1	4	1,5,0,2,3	0
2491	5	1	4	1,2,0,4,5	0
2444	5	1	3	0,1,4,5,6	0
2177	5	1	3	5,6,0,1,2	0
2502	5	1	4	0,1,3,4,5	0
2504	6	1	4	0,1,2,3,5	1
2505	6	1	4	2,3,0,1,5	1
2500	6	1	4	0,1,3,4,5	1
2509	5	1	3	2,3,0,1,5	0
2506	7	1	5	0,1,3,4,5	1
2512	6	1	4	4,5,0,1,2	1
2513	6	1	5	2,3,0,1,4	1
2522	3	1	2	2,3,0,1,4	0
2525	5	1	3	1,5,0,2,3	0
2526	5	1	4	2,3,0,1,4	0
2528	6	1	5	2,3,0,1,4	1
2527	6	1	4	0,1,2,4,5	1
2530	6	1	4	0,1,2,4,5	1
2532	5	1	4	3,4,0,1,2	0
2534	6	1	5	2,3,0,1,4	1
2537	6	1	4	2,4,0,1,3	1
2542	6	1	4	0,2,1,3,4	1
2543	6	1	5	0,2,1,3,4	1
2546	3	1	2	0,2,1,3,4	0
2548	3	1	2	0,1,2,3,4	0
2560	4	1	2	0,1,2,3,4	0
2561	5	1	3	0,1,2,3,4	0
2563	6	1	5	2,3,0,1,4	1
2565	5	1	3	0,1,2,3,4	0
2501	6	1	5	5,6,0,1,2	1
2572	6	1	4	0,1,3,4,5	1
2574	5	1	4	0,1,3,4,5	0
2576	5	1	3	0,1,3,4,5	0
2586	6	1	5	2,5,0,1,3	1
2487	3	1	2	0,1,2,3,4	0
2589	5	1	5	0,1,2,3,4	0
2606	4	1	2	0,1,4,5,6	0
2629	6	1	5	0,1,3,4,5	1
2685	5	1	3	0,2,1,3,5	0
2690	3	1	3	0,1,4,5,6	0
2710	5	1	3	5,6,0,1,2	0
2720	5	1	3	0,1,4,5,6	0
2733	2	1	1	1,5,0,2,3	0
2740	2	1	2	0,2,1,3,5	0
2751	6	1	3	0,1,3,4,5	1
2752	6	1	5	5,6,0,1,2	1
2755	5	1	3	0,5,1,2,3	0
2567	5	1	3	0,1,2,4,5	0
2764	4	1	2	0,7,1,2,3	0
2756	5	1	4	5,6,0,1,2	0
2777	5	1	4	2,3,0,1,5	0
2779	4	1	2	1,2,0,3,5	0
2799	5	1	5	3,4,0,1,2	0
2313	6	1	4	0,5,1,2,3	1
2800	4	1	4	3,4,0,1,2	0
2803	6	1	4	0,1,3,4,5	1
2801	6	1	4	0,1,3,4,5	1
2816	6	1	4	0,1,3,4,5	1
2773	5	1	4	0,2,1,4,5	0
2809	4	1	3	0,1,3,4,5	0
2821	5	1	4	0,1,2,3,4	0
2822	5	1	4	0,1,2,3,4	0
2826	6	1	5	0,1,3,4,5	1
2827	4	1	3	0,1,2,3,5	0
2828	6	1	5	1,4,0,2,3	1
2830	5	1	4	0,1,3,4,5	0
2829	6	1	4	0,1,2,3,5	1
2846	3	1	2	0,3,1,2,5	0
2850	6	1	5	0,1,2,3,5	1
2852	6	1	4	0,3,1,2,5	1
2853	6	1	4	0,1,3,4,5	1
2885	4	1	1	0,3,1,2,4	0
2913	5	1	5	0,1,2,3,4	0
2916	5	1	4	0,2,1,4,5	0
2924	4	1	4	0,3,1,2,5	0
2925	5	1	5	2,3,0,1,4	0
2939	6	1	5	2,3,0,1,4	1
2940	6	1	5	0,1,2,3,4	1
2941	4	1	4	0,1,2,3,5	0
2942	4	1	3	0,1,3,4,5	0
2946	6	1	4	0,1,3,4,5	1
2951	5	1	4	0,1,2,4,5	0
2952	6	1	4	3,4,0,1,2	1
2956	5	1	4	0,1,2,4,5	0
2958	6	1	5	0,1,2,3,5	1
2961	6	1	4	0,5,1,2,3	1
2969	5	1	4	0,1,3,4,5	0
3002	4	1	3	3,4,0,1,2	0
3009	4	1	3	0,1,2,3,4	0
3012	6	1	5	0,3,1,2,4	1
3017	4	1	3	0,3,1,2,5	0
3025	6	1	4	0,1,3,4,5	1
2817	4	1	4	2,3,0,1,4	0
3033	4	1	3	0,1,3,4,5	0
3036	4	1	2	4,5,0,1,2	0
3039	4	1	3	1,2,0,3,5	0
3042	6	1	5	0,1,2,3,4	1
3043	5	1	4	0,1,3,4,5	0
3067	3	1	3	0,1,3,4,5	0
3073	5	1	3	0,1,2,3,4	0
3076	7	1	5	0,2,1,3,5	1
3082	5	1	4	1,5,0,2,3	0
2531	5	1	4	0,1,2,3,4	0
3109	3	1	1	0,1,3,5,6	0
3110	4	1	3	0,2,1,3,4	0
3112	5	1	4	1,2,0,3,4	0
3113	5	1	5	0,5,1,2,3	0
3116	4	1	2	0,1,3,4,5	0
3211	5	1	4	0,1,4,5,6	0
3254	4	1	3	3,4,0,1,2	0
3265	6	1	4	0,8,1,2,3	1
3292	5	1	3	0,1,2,3,4	0
2840	6	1	4	0,1,3,4,5	1
3323	4	1	3	0,1,2,4,5	0
3297	7	1	5	0,1,2,3,4	1
3332	6	1	5	0,4,1,2,3	1
3337	3	1	2	0,1,4,5,6	0
3339	4	1	3	0,3,1,2,4	0
3411	5	1	2	0,2,1,3,5	0
3344	6	1	5	1,3,0,2,6	1
3419	5	1	4	0,1,2,3,5	0
3416	3	1	3	2,4,0,1,3	0
3436	5	1	4	1,2,0,3,5	0
3437	5	1	4	2,3,0,1,4	0
3457	4	1	3	0,3,1,2,4	0
3466	5	1	4	0,1,2,3,5	0
3475	5	1	5	0,5,1,2,3	0
3476	5	1	3	3,5,0,1,2	0
3486	5	1	4	0,1,2,3,4	0
3501	5	1	3	0,1,3,4,5	0
3479	7	1	5	4,5,0,1,9	1
3505	2	1	2	0,1,3,4,5	0
3507	5	1	3	0,1,3,4,5	0
3509	6	1	5	0,1,2,3,5	1
3511	6	1	5	0,1,2,3,4	1
3512	5	1	3	0,1,2,3,4	0
3515	5	1	4	0,1,3,4,5	0
3508	6	1	4	2,3,0,1,4	1
3529	4	1	2	0,1,2,4,5	0
3530	6	1	5	0,1,2,3,4	1
3531	5	1	3	0,1,3,4,5	0
3526	7	1	5	0,1,4,5,8	1
3535	6	1	4	2,3,0,1,4	1
3533	5	1	4	0,2,1,3,5	0
3537	6	1	4	2,3,0,1,4	1
3558	5	1	4	4,5,0,1,2	0
3555	6	1	5	0,1,2,3,4	1
3561	7	1	5	0,3,1,4,5	1
3559	6	1	5	0,1,2,3,4	1
3568	6	1	4	2,3,0,1,4	1
3577	4	1	2	1,4,0,2,3	0
3584	6	1	5	1,2,0,3,4	1
3589	6	1	5	0,1,2,3,4	1
3590	2	1	0	0,1,3,4,5	0
3591	5	1	4	0,3,1,2,4	0
3583	6	1	4	0,1,3,4,5	1
3594	5	1	4	0,2,1,4,5	0
3596	5	1	3	0,1,3,4,5	0
3603	6	1	5	3,6,0,1,2	1
3607	6	1	5	3,5,0,1,2	1
3610	5	1	4	0,4,1,2,3	0
3026	7	1	5	3,4,0,2,9	1
3617	6	1	5	0,3,1,2,4	1
3622	5	1	3	0,2,1,3,4	0
3625	6	1	5	0,1,3,4,5	1
3626	6	1	4	0,1,3,4,5	1
3624	7	1	4	0,1,3,4,5	1
3627	6	1	5	0,1,2,3,4	1
3638	4	1	4	0,2,1,4,5	0
3645	5	1	4	0,1,3,4,5	0
3655	5	1	5	0,3,1,2,4	0
3659	5	1	3	0,1,3,4,5	0
3657	7	1	5	0,1,2,3,4	1
3670	5	1	5	0,1,2,3,4	0
3671	6	1	5	0,1,2,3,5	1
3677	4	1	3	2,3,0,1,4	0
3678	6	1	4	2,3,0,1,5	1
3679	6	1	3	0,1,3,4,5	1
3681	4	1	2	1,2,0,3,4	0
3682	3	1	2	0,1,3,4,5	0
3667	7	1	4	0,1,2,4,9	1
3688	5	1	5	0,1,2,3,4	0
3692	7	1	5	2,3,0,4,5	1
3693	7	1	5	0,2,1,4,5	1
3699	5	1	3	0,1,3,4,5	0
3700	4	1	4	1,2,0,4,5	0
3705	6	1	4	0,4,1,2,3	1
3706	5	1	2	0,7,1,2,3	0
3710	6	1	5	0,1,2,3,4	1
3712	4	1	3	1,2,0,4,5	0
3717	5	1	4	0,3,1,2,4	0
3730	5	1	3	0,1,4,5,6	0
3733	5	1	3	1,2,0,3,5	0
3762	5	1	3	0,5,1,2,3	0
3772	3	1	1	0,3,1,2,4	0
3789	5	1	3	0,1,3,4,6	0
3792	3	1	3	0,4,1,2,3	0
3842	3	1	2	0,2,1,3,5	0
3865	6	1	5	0,1,2,3,4	1
3866	5	1	3	0,1,2,4,5	0
3609	5	1	4	3,5,0,1,2	0
3870	5	1	3	0,3,1,2,4	0
3872	6	1	4	0,1,3,4,5	1
3882	4	1	3	0,1,3,4,5	0
3875	5	1	5	0,2,1,4,5	0
3902	6	1	5	0,1,2,3,4	1
3887	4	1	3	0,1,2,4,5	0
3905	6	1	4	2,4,0,1,3	1
3915	2	1	1	0,1,3,4,5	0
3914	1	1	1	2,3,0,1,4	0
3921	4	1	3	1,2,0,3,4	0
3938	5	1	4	0,4,1,2,3	0
3940	5	1	5	0,2,1,3,4	0
3942	5	1	4	0,2,1,4,5	0
3944	1	1	1	0,1,3,4,5	0
3980	5	1	3	0,4,1,2,3	0
3981	4	1	2	0,3,1,2,4	0
3985	2	1	1	0,1,3,5,6	0
3988	5	1	3	1,2,0,3,4	0
4001	3	1	2	0,1,3,4,5	0
4022	5	1	4	0,1,3,4,5	0
4023	2	1	1	3,5,0,1,2	0
1907	4	1	3	5,6,0,1,2	0
4025	7	1	5	0,3,1,2,4	1
4029	5	1	4	0,1,2,3,4	0
4037	4	1	3	0,1,2,3,4	0
4036	3	1	2	0,1,3,4,5	0
4038	4	1	2	0,1,3,4,5	0
4044	6	1	5	0,3,1,2,4	1
3986	6	1	4	0,3,1,2,5	1
4054	6	1	4	0,1,2,4,5	1
4074	5	1	3	2,4,0,1,3	0
4056	4	1	3	0,1,3,4,5	0
4075	3	1	1	0,1,3,4,5	0
4085	6	1	5	0,1,3,4,5	1
4082	6	1	4	0,2,1,3,5	1
4092	6	1	5	0,5,1,2,3	1
4088	4	1	2	0,2,1,3,5	0
4110	4	1	2	0,1,3,4,5	0
4115	5	1	4	3,4,0,1,2	0
4116	6	1	5	0,3,1,2,5	1
4117	4	1	3	0,1,3,4,5	0
4142	6	1	4	0,1,2,3,5	1
4151	4	1	2	1,2,0,3,4	0
4133	3	1	2	0,2,1,3,4	0
4166	5	1	4	0,2,1,3,4	0
4170	5	1	3	0,1,3,4,5	0
4177	3	1	3	0,1,3,4,6	0
4189	4	1	2	2,7,0,1,3	0
4195	5	1	2	3,4,0,1,2	0
4203	5	1	4	0,1,2,3,4	0
4205	4	1	3	0,1,3,4,5	0
4207	6	1	5	3,4,0,1,2	1
4210	6	1	4	0,1,3,4,5	1
4211	5	1	4	0,1,3,4,5	0
4219	4	1	2	0,1,2,3,4	0
4156	6	1	5	0,1,2,3,4	1
4220	5	1	3	0,1,2,3,4	0
4230	6	1	5	0,1,2,4,5	1
4234	5	1	3	1,2,0,3,4	0
4049	4	1	3	0,1,3,4,5	0
4242	3	1	1	0,1,3,4,5	0
4235	5	1	3	1,2,0,3,4	0
4243	6	1	4	0,1,2,3,4	1
4251	6	1	5	0,1,2,4,5	1
4257	4	1	2	1,2,0,3,5	0
4258	6	1	5	0,3,1,2,4	1
4259	6	1	4	0,1,2,4,5	1
4264	4	1	2	0,1,2,3,4	0
4266	4	1	3	0,1,2,3,4	0
4274	6	1	4	0,1,3,4,5	1
4292	4	1	2	1,2,0,3,4	0
4300	4	1	2	2,3,0,1,5	0
4301	3	1	2	0,1,4,5,6	0
4302	3	1	2	0,1,3,4,5	0
4328	4	1	2	0,1,2,4,5	0
4331	3	1	2	1,5,0,2,3	0
4332	3	1	2	0,2,1,3,4	0
4336	5	1	2	0,6,1,2,3	0
4345	4	1	3	0,1,3,4,5	0
4186	3	1	1	0,1,2,4,5	0
4395	4	1	3	0,1,3,4,5	0
4355	5	1	4	0,1,3,4,5	0
4415	3	1	3	0,1,2,3,5	0
4414	5	1	4	0,1,3,4,5	0
4420	4	1	4	2,3,0,1,4	0
4436	3	1	1	0,2,1,3,4	0
4445	5	1	3	0,2,1,3,4	0
4448	4	1	2	0,1,3,4,5	0
4450	6	1	5	0,1,2,4,5	1
4451	6	1	5	0,1,2,3,4	1
4452	6	1	5	0,1,2,3,4	1
4241	5	1	3	1,2,0,4,5	0
4455	5	1	2	0,1,3,4,5	0
4467	5	1	4	0,1,3,4,5	0
4472	6	1	5	0,1,2,3,4	1
4483	4	1	2	0,1,2,3,4	0
4479	7	1	5	0,2,1,3,4	1
4518	6	1	4	0,1,2,3,4	1
4575	4	1	3	2,5,0,1,3	0
4583	5	1	4	0,3,1,2,5	0
4605	1	1	1	0,1,4,5,6	0
4607	5	1	5	1,5,0,2,3	0
4608	4	1	3	0,1,2,3,5	0
4609	4	1	3	1,4,0,2,3	0
4454	6	1	5	1,6,0,2,3	1
4620	6	1	5	2,3,0,1,4	1
4632	5	1	3	0,1,2,4,5	0
4656	6	1	5	0,1,2,4,5	1
4662	2	1	1	0,1,2,3,4	0
4394	4	1	3	0,1,2,4,5	0
4678	4	1	2	0,1,2,3,4	0
4676	4	1	4	0,2,1,3,4	0
4681	5	1	3	0,2,1,4,5	0
4680	5	1	5	0,1,2,3,5	0
4688	2	1	2	0,1,2,3,4	0
4686	4	1	2	0,1,2,3,5	0
4699	5	1	3	0,1,2,3,4	0
4712	5	1	3	1,4,0,2,3	0
4716	5	1	3	0,1,2,3,5	0
4719	6	1	4	0,1,2,3,5	1
4720	5	1	3	0,1,2,3,4	0
4739	6	1	4	0,1,2,3,4	1
4749	6	1	4	0,1,2,3,4	1
4694	3	1	3	2,3,0,1,4	0
4775	4	1	3	0,1,2,3,4	0
4777	6	1	4	0,1,3,4,5	1
4778	6	1	4	0,1,3,4,5	1
4779	4	1	4	3,4,0,1,2	0
4782	7	1	5	0,1,2,4,5	1
4789	4	1	3	0,1,3,4,5	0
4801	6	1	4	0,1,2,3,5	1
4807	4	1	3	0,1,2,3,4	0
4816	5	1	4	0,2,1,4,5	0
4752	4	1	2	2,3,0,1,4	0
4821	0	1	0	0,1,2,3,4	0
4827	6	1	3	0,2,1,4,5	1
4830	6	1	4	0,2,1,4,5	1
4836	6	1	4	1,6,0,2,3	1
4859	6	1	4	0,1,2,3,4	1
4896	6	1	5	0,5,1,2,3	1
4898	5	1	5	0,1,2,3,4	0
4899	3	1	3	0,1,3,4,5	0
4820	3	1	1	0,2,1,4,5	0
4908	4	1	3	1,2,0,4,5	0
4913	3	1	2	0,1,2,3,4	0
4914	5	1	4	0,6,1,2,3	0
4916	5	1	3	0,1,2,3,4	0
4929	6	1	4	0,1,2,3,4	1
4930	5	1	3	2,3,0,1,4	0
4940	4	1	2	0,1,2,3,4	0
4945	5	1	4	0,1,2,3,4	0
2051	6	1	5	5,6,0,1,2	1
4953	4	1	3	0,2,1,4,5	0
4955	5	1	4	0,1,2,3,4	0
4959	6	1	5	0,1,2,3,4	1
4972	6	1	4	0,1,3,4,5	1
4904	5	1	3	0,1,3,4,5	0
4998	5	1	4	0,1,2,3,4	0
5000	6	1	4	0,3,1,2,4	1
5017	0	1	0	1,2,0,4,5	0
5019	5	1	4	0,1,2,3,5	0
5031	2	1	2	0,1,3,4,5	0
5036	5	1	3	1,4,0,2,3	0
5045	4	1	3	1,2,0,3,4	0
4977	6	1	4	0,1,3,4,5	1
5071	5	1	3	0,2,1,3,4	0
5075	4	1	3	0,2,1,3,4	0
5077	6	1	5	0,1,3,4,5	1
5082	5	1	4	0,4,1,2,3	0
5088	3	1	2	0,1,3,4,5	0
5098	5	1	4	1,2,0,3,4	0
5100	4	1	2	0,1,2,3,4	0
5108	4	1	3	1,2,0,3,5	0
4949	5	1	3	0,2,1,4,5	0
5111	6	1	4	1,2,0,4,5	1
5113	5	1	5	0,7,1,2,3	0
3083	5	1	4	0,1,2,3,5	0
5065	4	1	2	0,1,3,4,5	0
5115	4	1	3	0,2,1,3,5	0
5122	1	1	1	0,1,2,4,5	0
5124	4	1	2	6,7,0,1,2	0
5127	3	1	2	1,5,0,2,3	0
5148	6	1	4	3,4,0,1,2	1
5154	5	1	4	0,2,1,4,5	0
5155	6	1	5	0,1,3,4,5	1
5157	6	1	4	1,2,0,4,5	1
4614	6	1	5	0,4,1,2,3	1
5109	4	1	2	0,1,3,4,5	0
5162	6	1	5	0,6,1,2,3	1
5163	4	1	2	0,6,1,2,3	0
5166	6	1	5	0,6,1,2,3	1
5165	6	1	5	0,6,1,2,3	1
5178	6	1	5	2,4,0,1,3	1
5158	5	1	4	0,1,2,4,5	0
5194	5	1	3	4,5,0,1,2	0
5193	6	1	5	0,6,1,2,3	1
5196	5	1	3	0,1,2,3,5	0
5203	2	1	1	0,1,4,5,6	0
5219	4	1	3	0,1,3,4,5	0
5211	3	1	2	0,2,1,3,4	0
5225	5	1	3	0,4,1,2,3	0
5224	4	1	2	0,1,2,3,4	0
5230	6	1	4	0,1,2,4,6	1
5233	5	1	5	0,2,1,4,5	0
5231	6	1	4	1,4,0,2,6	1
5234	3	1	2	0,1,3,4,5	0
5237	5	1	4	0,6,1,2,3	0
5241	4	1	3	4,5,0,1,2	0
5242	6	1	5	0,1,3,4,5	1
5248	6	1	5	0,6,1,2,3	1
5240	4	1	4	4,5,0,1,2	0
5269	5	1	3	0,1,2,3,5	0
2588	6	1	4	0,1,2,3,4	1
5287	4	1	2	1,2,0,3,4	0
5290	6	1	5	0,1,2,3,4	1
5299	3	1	2	0,1,2,3,4	0
5305	6	1	4	0,1,2,4,5	1
5319	4	1	3	0,1,3,4,5	0
5328	3	1	3	0,1,3,4,5	0
5268	5	1	5	0,1,2,4,5	0
5333	5	1	3	0,3,1,2,4	0
5364	6	1	4	0,1,2,4,5	1
5352	5	1	4	0,1,2,3,4	0
5371	6	1	5	0,2,1,3,4	1
5378	3	1	2	0,2,1,4,5	0
5384	3	1	2	0,1,3,4,5	0
5387	3	1	2	0,1,2,3,4	0
5388	6	1	4	0,1,3,4,5	1
5390	5	1	4	1,5,0,2,3	0
5395	5	1	5	0,1,2,3,4	0
5397	6	1	5	0,1,2,4,5	1
5281	5	1	3	0,7,1,2,3	0
5401	4	1	4	0,1,2,3,4	0
5412	5	1	3	2,4,0,1,3	0
5428	5	1	5	0,1,2,3,4	0
5435	4	1	3	0,1,2,3,4	0
5169	6	1	5	1,2,0,3,4	1
4951	4	1	3	0,2,1,3,4	0
5441	5	1	4	2,4,0,1,3	0
5442	7	1	5	0,1,3,4,5	1
5449	4	1	2	0,1,2,3,4	0
5450	4	1	3	0,3,1,2,4	0
5549	4	1	3	0,1,4,5,6	0
5478	5	1	3	0,1,4,5,6	0
5564	5	1	4	0,1,2,3,4	0
5584	4	1	2	1,2,0,3,5	0
5588	4	1	2	0,1,2,3,4	0
5596	6	1	5	0,1,2,3,4	1
5595	5	1	3	0,1,2,4,5	0
5603	5	1	4	0,2,1,3,4	0
5606	3	1	1	0,1,2,4,5	0
5655	4	1	4	1,2,0,3,4	0
5658	5	1	4	4,5,0,1,2	0
5660	6	1	3	0,1,2,3,4	1
5661	4	1	4	0,1,2,4,5	0
5689	5	1	4	0,3,1,2,4	0
5690	4	1	3	0,1,2,3,4	0
5724	5	1	4	0,1,2,3,4	0
5699	5	1	4	1,6,0,2,3	0
5731	6	1	5	0,5,1,2,3	1
5732	6	1	4	0,3,1,2,5	1
5760	2	1	2	0,1,2,3,6	0
5766	3	1	3	0,5,1,2,3	0
5778	6	1	3	1,4,0,2,3	1
5800	3	1	3	0,2,1,3,4	0
5439	3	1	2	0,1,3,4,5	0
5809	4	1	3	0,4,1,2,3	0
5821	3	1	2	0,1,3,4,5	0
5420	4	1	3	0,6,1,2,3	0
5826	3	1	3	0,1,4,5,6	0
5827	3	1	3	0,1,4,5,6	0
5872	4	1	2	0,1,4,5,6	0
5873	4	1	2	0,1,3,4,5	0
5877	2	1	1	0,2,1,4,5	0
5878	5	1	4	1,3,0,2,4	0
5886	6	1	4	0,2,1,4,5	1
5889	5	1	3	0,1,3,4,5	0
5890	5	1	4	0,3,1,2,5	0
5894	5	1	3	2,3,0,1,4	0
5895	5	1	3	2,3,0,1,4	0
5907	6	1	4	0,1,3,4,5	1
5897	5	1	4	0,1,3,4,5	0
5913	5	1	3	0,4,1,2,3	0
5920	6	1	4	0,1,2,4,5	1
5924	4	1	3	1,2,0,4,5	0
5925	5	1	4	1,2,0,4,5	0
5927	4	1	2	0,1,3,4,5	0
5930	5	1	4	1,3,0,2,4	0
5917	6	1	4	0,1,3,4,5	1
5931	4	1	3	0,1,2,4,5	0
5797	4	1	2	0,1,3,4,5	0
5941	3	1	2	0,1,2,4,5	0
5951	6	1	4	0,1,3,4,5	1
5958	3	1	3	0,1,2,3,5	0
5976	5	1	3	0,2,1,4,5	0
5978	6	1	5	0,1,2,3,4	1
5982	3	1	2	0,1,3,4,5	0
5970	5	1	4	0,1,2,4,5	0
5986	5	1	4	1,2,0,3,5	0
5990	4	1	3	0,1,2,4,5	0
5992	6	1	4	2,3,0,5,6	1
6001	4	1	2	5,6,0,1,2	0
6002	3	1	2	2,5,0,1,3	0
5389	7	1	5	0,2,1,4,5	1
5934	5	1	3	0,3,1,2,4	0
6057	5	1	3	0,1,2,3,4	0
6058	4	1	3	0,1,3,4,5	0
6066	5	1	3	0,2,1,3,5	0
6074	5	1	3	0,2,1,4,5	0
6080	3	1	2	0,3,1,2,7	0
6088	6	1	4	1,2,0,3,5	1
6094	4	1	3	0,1,3,4,5	0
6096	5	1	4	0,1,2,3,4	0
6105	7	1	5	2,4,0,3,5	1
6085	6	1	5	0,1,4,5,6	1
6107	5	1	3	1,4,0,2,3	0
6119	5	1	4	0,6,1,2,3	0
6115	5	1	3	4,5,0,1,2	0
6120	5	1	4	0,1,3,4,5	0
6129	6	1	5	0,1,2,4,5	1
6132	6	1	5	0,2,1,3,4	1
5909	6	1	5	1,2,0,4,5	1
6142	6	1	5	0,1,2,4,5	1
5929	5	1	2	1,3,0,2,4	0
6143	2	1	1	0,1,4,5,6	0
5801	4	1	3	0,1,3,4,5	0
6155	6	1	3	0,1,3,4,5	1
6168	2	1	2	0,1,2,3,6	0
6171	5	1	3	0,1,3,4,5	0
6178	4	1	2	0,1,2,3,4	0
6196	5	1	4	1,3,0,2,4	0
5996	2	1	1	0,1,4,5,6	0
6227	5	1	3	1,2,0,3,4	0
6228	5	1	3	0,1,2,3,4	0
6235	5	1	4	0,1,2,4,5	0
6237	4	1	3	0,1,2,3,4	0
6241	6	1	5	0,1,2,5,8	1
6242	4	1	3	0,5,1,2,3	0
6243	3	1	1	0,5,1,2,3	0
6246	2	1	2	0,1,2,3,4	0
6273	2	1	2	0,3,1,2,5	0
6279	4	1	4	0,1,3,4,5	0
6248	7	1	5	0,2,1,3,4	1
6291	4	1	4	1,2,0,3,5	0
6148	3	1	2	1,2,0,3,4	0
6284	4	1	4	0,1,2,3,4	0
6296	6	1	4	0,5,1,2,3	1
6299	4	1	2	1,4,0,2,3	0
6300	6	1	3	0,1,3,4,5	1
6311	4	1	2	0,1,3,4,5	0
6315	5	1	4	0,1,2,3,5	0
6317	4	1	4	1,3,0,2,5	0
6318	2	1	2	1,2,0,4,5	0
6323	4	1	3	0,1,2,3,4	0
6354	5	1	4	0,4,1,2,3	0
6355	5	1	3	0,4,1,2,3	0
6360	4	1	3	0,2,1,4,5	0
6138	4	1	3	0,1,2,3,4	0
6191	3	1	2	0,1,2,4,5	0
6366	6	1	5	0,1,2,4,5	1
6368	5	1	3	0,4,1,2,3	0
6369	5	1	5	0,1,3,4,5	0
6370	4	1	3	0,1,3,4,5	0
6372	6	1	4	0,6,1,2,3	1
6389	4	1	3	1,2,0,4,5	0
6016	4	1	2	0,3,1,2,4	0
6423	5	1	4	1,2,0,4,5	0
6361	4	1	3	0,3,1,2,4	0
6494	3	1	2	0,2,1,4,5	0
6520	5	1	3	0,1,2,3,5	0
6522	4	1	3	0,1,3,4,5	0
6544	4	1	2	5,6,0,1,2	0
6523	5	1	3	0,1,3,4,5	0
6558	4	1	3	0,1,2,4,5	0
6568	4	1	2	1,4,0,2,3	0
6570	5	1	4	1,2,0,4,5	0
6577	4	1	2	0,2,1,4,5	0
6615	6	1	5	0,3,1,2,4	1
6616	6	1	4	0,1,3,4,5	1
6630	4	1	4	0,2,1,3,5	0
6633	3	1	2	0,1,2,4,6	0
6617	4	1	2	3,5,0,1,2	0
6125	6	1	4	3,4,0,1,5	1
6641	4	1	2	0,1,2,3,5	0
6656	6	1	4	0,2,1,3,4	1
6649	4	1	3	0,1,3,4,5	0
6659	6	1	5	0,1,3,4,5	1
6662	6	1	5	3,5,0,1,2	1
6664	5	1	5	0,1,2,3,5	0
6680	3	1	3	1,2,0,3,4	0
6688	6	1	4	0,1,3,4,5	1
6706	4	1	3	1,5,0,2,3	0
6690	6	1	5	1,2,0,3,5	1
6707	6	1	4	0,1,2,3,4	1
6709	6	1	4	0,2,1,3,5	1
6717	4	1	2	1,4,0,2,3	0
6719	3	1	1	0,1,4,5,6	0
6725	5	1	4	4,6,0,1,2	0
6728	5	1	3	0,1,3,4,5	0
6729	5	1	3	0,1,3,4,5	0
6736	6	1	4	0,2,1,3,5	1
6743	6	1	5	0,3,1,2,4	1
6768	6	1	5	3,5,0,1,2	1
6763	5	1	4	1,3,0,2,4	0
6772	5	1	4	0,3,1,2,4	0
6770	5	1	3	2,3,0,1,4	0
6634	5	1	4	3,4,0,1,2	0
6807	5	1	3	0,4,1,2,3	0
6822	5	1	3	0,1,4,5,6	0
6828	4	1	4	2,3,0,1,4	0
6859	1	1	1	0,2,1,4,5	0
6873	4	1	2	0,1,3,4,5	0
6881	4	1	3	0,2,1,4,5	0
6894	6	1	4	0,2,1,4,5	1
6909	5	1	3	0,1,3,4,5	0
6914	5	1	5	0,2,1,3,5	0
6716	6	1	4	0,2,1,3,5	1
6918	5	1	3	0,1,2,3,4	0
6917	5	1	4	0,1,3,4,5	0
6919	6	1	5	0,3,1,2,5	1
6926	3	1	2	6,7,0,1,2	0
6928	5	1	4	0,1,3,4,5	0
6933	4	1	2	0,3,1,2,6	0
6938	5	1	4	0,1,2,3,4	0
6944	5	1	3	0,1,3,4,5	0
6947	3	1	3	0,3,1,2,6	0
6961	5	1	4	0,1,3,4,5	0
6969	5	1	4	0,1,3,4,5	0
6971	5	1	4	0,1,3,4,5	0
6787	3	1	3	0,1,2,3,5	0
6987	4	1	2	3,4,0,1,2	0
6988	4	1	3	2,7,0,1,3	0
6989	5	1	3	0,1,2,4,5	0
6992	5	1	5	0,1,2,3,4	0
6996	6	1	4	0,5,1,2,3	1
6998	4	1	1	0,4,1,2,3	0
7008	3	1	3	0,3,1,2,4	0
7018	5	1	5	1,2,0,3,4	0
7027	6	1	4	0,1,2,4,5	1
7031	4	1	3	0,1,2,3,4	0
6910	6	1	4	0,2,1,3,4	1
6979	2	1	2	0,1,3,4,6	0
7038	5	1	4	1,2,0,3,4	0
7044	4	1	3	0,1,2,3,5	0
7039	6	1	4	0,1,2,3,4	1
7055	3	1	1	0,4,1,2,3	0
7050	3	1	3	0,1,2,3,4	0
7080	5	1	3	0,1,2,4,5	0
7089	5	1	4	0,1,2,4,5	0
7090	6	1	5	0,1,2,3,4	1
7102	1	1	1	0,1,2,3,4	0
7116	5	1	5	0,3,1,2,4	0
7119	5	1	3	0,1,2,4,5	0
7121	3	1	1	1,2,0,3,5	0
7140	5	1	3	0,3,1,2,4	0
7149	5	1	3	0,1,2,4,5	0
7138	6	1	4	0,1,2,4,5	1
7165	2	1	2	0,1,4,5,6	0
7166	3	1	2	0,2,1,4,5	0
7035	5	1	4	0,2,1,3,4	0
6962	4	1	3	0,2,1,3,4	0
7176	5	1	5	0,1,2,3,4	0
7177	5	1	4	2,3,0,1,5	0
7187	4	1	3	1,2,0,4,5	0
7188	3	1	2	0,1,2,3,4	0
7217	5	1	3	5,6,0,1,2	0
7257	6	1	5	3,4,0,1,2	1
7261	2	1	2	0,2,1,3,5	0
7263	2	1	2	0,1,4,5,6	0
7271	4	1	3	1,5,0,2,3	0
7282	6	1	5	2,5,0,1,3	1
7292	3	1	1	0,2,1,3,4	0
7295	5	1	3	0,1,4,5,6	0
7294	5	1	4	0,1,2,4,5	0
7306	6	1	4	0,1,2,4,5	1
7333	5	1	3	0,1,3,4,5	0
7340	4	1	3	0,1,2,3,4	0
7347	5	1	5	0,2,1,3,4	0
7356	3	1	2	0,1,3,4,5	0
7365	3	1	2	0,1,2,3,4	0
7395	5	1	4	0,1,3,4,5	0
7399	5	1	4	2,5,0,1,3	0
7411	2	1	0	0,1,4,5,6	0
7428	3	1	2	0,2,1,3,4	0
7438	5	1	3	0,4,1,2,3	0
7175	5	1	4	0,1,2,4,5	0
7467	3	1	2	0,1,3,4,5	0
7483	5	1	4	0,1,2,3,4	0
7503	6	1	3	0,1,3,4,5	1
7508	4	1	4	0,1,2,3,4	0
7512	4	1	4	0,1,2,4,5	0
7520	5	1	4	0,2,1,3,4	0
7530	4	1	3	0,3,1,2,4	0
7466	4	1	2	2,3,0,1,5	0
7535	5	1	3	0,1,2,3,4	0
7541	4	1	2	0,1,2,3,5	0
7550	3	1	2	0,1,3,4,5	0
7558	4	1	2	0,1,3,4,5	0
7565	5	1	4	0,1,2,3,4	0
7570	4	1	4	1,3,0,2,5	0
7572	4	1	3	0,4,1,2,3	0
7582	4	1	2	0,1,3,4,6	0
7595	3	1	3	0,1,2,4,5	0
7170	5	1	4	0,2,1,3,4	0
7598	5	1	4	0,1,2,3,4	0
7596	5	1	4	0,1,2,3,4	0
7601	4	1	2	0,2,1,3,4	0
7607	5	1	5	0,1,2,3,4	0
7611	1	1	1	0,2,1,3,6	0
7614	4	1	3	0,4,1,2,3	0
7618	4	1	3	0,1,3,4,5	0
7622	2	1	2	0,1,3,4,5	0
7627	3	1	3	0,1,3,4,5	0
7628	5	1	4	0,1,3,4,5	0
7629	3	1	1	0,1,3,4,6	0
7633	4	1	3	0,1,2,4,5	0
7599	4	1	4	0,1,3,4,5	0
7634	5	1	3	0,1,2,3,4	0
7640	5	1	5	0,4,1,2,3	0
7644	6	1	4	0,1,2,4,5	1
7663	4	1	3	0,3,1,2,4	0
7639	6	1	5	2,4,0,1,7	1
7669	3	1	3	1,4,0,2,3	0
7680	3	1	2	0,1,2,3,4	0
7685	5	1	4	0,2,1,3,6	0
7691	4	1	4	0,1,3,4,5	0
7693	6	1	4	6,7,0,1,2	1
7696	2	1	1	0,2,1,4,6	0
7703	1	1	1	0,2,1,4,6	0
7705	5	1	4	0,1,2,3,5	0
7706	3	1	2	2,3,0,1,4	0
7708	3	1	2	0,2,1,4,6	0
7716	4	1	4	0,1,2,3,5	0
7728	1	1	1	0,1,2,3,5	0
7732	2	1	2	2,3,0,1,4	0
7735	4	1	3	0,1,3,4,5	0
7737	5	1	3	0,1,2,4,5	0
7740	5	1	4	0,1,2,3,5	0
7750	5	1	4	0,2,1,4,6	0
7756	3	1	3	0,1,4,5,6	0
7773	2	1	2	0,1,3,4,5	0
6297	3	1	3	0,5,1,2,3	0
7776	7	1	5	0,1,2,3,4	1
7783	4	1	3	0,1,3,4,5	0
7788	1	1	1	0,2,1,4,6	0
7805	3	1	1	0,3,1,2,6	0
7833	3	1	2	0,1,2,4,5	0
7845	5	1	4	0,1,2,4,5	0
7848	4	1	2	1,4,0,2,3	0
7851	5	1	3	1,2,0,4,5	0
7855	5	1	3	0,1,2,3,4	0
7872	5	1	3	0,1,2,4,5	0
7877	3	1	3	0,1,2,3,4	0
7886	4	1	3	0,1,3,4,6	0
7407	5	1	4	0,1,2,3,4	0
4493	5	1	3	0,1,2,3,4	0
7897	6	1	5	1,5,0,2,3	1
7904	2	1	2	0,3,1,2,5	0
7905	6	1	4	0,3,1,2,5	1
7534	4	1	3	0,1,4,5,6	0
7929	4	1	2	3,4,0,1,2	0
7932	7	1	5	2,5,0,1,6	1
7935	5	1	4	0,1,2,4,5	0
7943	6	1	4	0,1,2,4,5	1
7950	5	1	4	1,5,0,2,3	0
7952	3	1	3	0,1,3,4,5	0
7957	4	1	2	1,3,0,2,4	0
7960	6	1	4	0,1,2,3,4	1
7968	4	1	3	0,1,2,3,4	0
7971	6	1	4	0,2,1,3,4	1
7972	5	1	3	0,1,4,5,6	0
6363	6	1	5	0,1,2,3,4	1
7896	5	1	3	0,1,2,3,4	0
7992	3	1	2	2,3,0,1,4	0
7914	4	1	2	3,4,0,1,2	0
7679	5	1	5	0,1,2,4,5	0
7890	6	1	5	0,1,2,3,4	1
8002	4	1	2	0,4,1,2,3	0
7997	5	1	4	0,3,1,2,4	0
8010	4	1	2	0,1,2,3,4	0
8018	3	1	2	0,1,3,4,5	0
8015	6	1	5	0,1,2,3,4	1
8023	4	1	2	0,5,1,2,3	0
8020	5	1	4	1,2,0,3,4	0
8029	5	1	3	0,1,2,3,4	0
7991	3	1	1	1,5,0,2,3	0
8058	6	1	5	1,5,0,2,3	1
8060	5	1	4	1,5,0,2,3	0
8065	4	1	3	0,2,1,4,5	0
8072	3	1	3	0,1,2,3,4	0
8079	5	1	3	0,1,3,4,5	0
8081	2	1	1	0,1,3,4,6	0
8083	6	1	4	0,1,3,4,5	1
8085	4	1	2	0,2,1,4,5	0
8086	3	1	2	1,2,0,4,5	0
8087	4	1	3	1,3,0,2,5	0
8090	6	1	5	0,4,1,2,3	1
8092	5	1	4	0,1,2,3,6	0
7875	5	1	3	0,1,2,4,6	0
8108	6	1	4	0,2,1,4,5	1
8114	4	1	2	0,5,1,2,3	0
8115	5	1	2	1,5,0,2,3	0
8116	3	1	2	0,1,2,3,4	0
8118	3	1	2	0,1,2,3,7	0
8036	4	1	3	0,2,1,4,5	0
8119	5	1	4	0,2,1,3,5	0
8135	6	1	4	0,5,1,2,3	1
8121	6	1	5	0,1,2,3,5	1
8137	4	1	2	0,4,1,2,3	0
8146	4	1	2	6,7,0,1,2	0
8141	5	1	3	0,1,2,3,4	0
6392	4	1	2	0,1,2,3,4	0
8150	4	1	3	0,2,1,4,5	0
8158	3	1	2	0,3,1,2,5	0
8166	5	1	4	0,1,2,3,6	0
8163	5	1	5	0,1,3,4,5	0
8168	4	1	3	0,1,3,4,5	0
8185	2	1	1	1,4,0,2,3	0
8175	5	1	4	1,5,0,2,3	0
8193	4	1	4	2,3,0,1,5	0
8194	4	1	4	2,3,0,1,4	0
8203	6	1	5	0,4,1,2,3	1
8220	5	1	3	1,2,0,3,4	0
8210	4	1	2	1,3,0,2,4	0
8221	7	1	5	0,1,2,5,6	1
8222	6	1	4	0,1,3,4,5	1
8228	5	1	4	0,1,3,4,5	0
8236	4	1	4	1,3,0,2,4	0
8254	5	1	3	1,3,0,2,7	0
7994	4	1	2	0,1,3,4,5	0
8263	6	1	4	0,3,1,2,5	1
8266	5	1	3	0,2,1,3,5	0
8269	5	1	4	0,1,3,4,6	0
8270	4	1	4	0,2,1,3,4	0
8271	5	1	5	0,1,2,4,5	0
8275	4	1	3	0,1,3,4,6	0
8278	2	1	2	0,1,2,3,4	0
8280	4	1	2	0,1,3,4,6	0
8282	4	1	2	0,1,3,4,6	0
8281	6	1	5	0,1,3,4,6	1
8289	3	1	3	0,1,3,4,6	0
8291	6	1	4	0,1,3,4,6	1
8294	2	1	2	1,2,0,4,6	0
8295	4	1	4	0,1,3,4,6	0
8306	5	1	4	1,5,0,2,3	0
8318	3	1	1	0,1,3,4,6	0
8320	2	1	2	0,1,2,3,6	0
8321	3	1	2	1,4,0,2,3	0
8337	3	1	1	0,1,4,5,6	0
8339	3	1	1	0,1,3,5,6	0
8037	6	1	3	0,1,2,4,5	1
8350	4	1	3	0,1,3,5,6	0
8353	1	1	0	0,1,3,4,6	0
8356	4	1	2	0,1,3,4,6	0
7993	5	1	3	0,1,2,3,4	0
8357	3	1	2	0,2,1,3,4	0
8358	5	1	3	1,3,0,2,5	0
8362	4	1	2	2,4,0,1,3	0
8367	4	1	3	1,2,0,3,4	0
8381	6	1	5	0,4,1,2,3	1
8147	2	1	1	1,2,0,3,6	0
8401	4	1	3	4,5,0,1,2	0
8391	7	1	5	1,3,0,2,5	1
8407	5	1	4	0,1,2,3,4	0
8416	5	1	3	0,5,1,2,3	0
8414	5	1	5	0,5,1,2,3	0
8422	3	1	3	0,5,1,2,3	0
8423	3	1	1	0,4,1,2,3	0
8428	3	1	1	3,4,0,1,2	0
8430	3	1	2	0,5,1,2,3	0
8432	5	1	3	0,5,1,2,3	0
8431	2	1	2	0,1,2,3,4	0
8245	5	1	4	0,1,2,4,6	0
8449	6	1	4	0,1,3,4,5	1
8461	6	1	4	1,3,0,2,4	1
8462	2	1	0	0,1,2,4,6	0
8472	4	1	3	0,1,2,3,4	0
8477	4	1	3	0,1,2,3,4	0
8473	3	1	3	0,4,1,2,3	0
8495	3	1	3	0,1,4,5,6	0
8493	2	1	1	0,5,1,2,3	0
8496	6	1	4	1,2,0,3,4	1
8348	5	1	4	1,2,0,3,4	0
8499	6	1	5	0,4,1,2,3	1
8498	7	1	5	0,1,2,3,4	1
8507	5	1	4	0,3,1,2,4	0
8513	6	1	4	0,1,3,4,5	1
8502	1	1	1	0,3,1,2,4	0
8527	6	1	5	1,2,0,3,5	1
8531	2	1	2	1,3,0,2,4	0
8533	5	1	3	0,1,2,4,5	0
8536	5	1	4	0,1,2,3,4	0
8534	5	1	3	1,2,0,3,4	0
8537	5	1	4	1,2,0,3,4	0
8539	5	1	3	0,1,3,4,6	0
8551	4	1	2	0,1,4,5,6	0
8543	4	1	3	0,1,2,3,4	0
8554	5	1	4	0,2,1,4,5	0
8555	6	1	4	0,1,2,3,7	1
8563	5	1	3	2,3,0,1,5	0
8562	6	1	5	1,3,0,2,5	1
8573	4	1	3	0,1,2,3,4	0
8581	4	1	3	1,2,0,3,4	0
8590	5	1	4	1,5,0,2,3	0
8569	5	1	4	0,5,1,2,3	0
8604	4	1	2	1,2,0,3,5	0
8594	5	1	3	0,1,2,3,4	0
8611	5	1	3	0,2,1,3,4	0
8497	6	1	5	0,5,1,2,3	1
8617	5	1	3	1,2,0,4,5	0
8626	3	1	2	0,5,1,2,3	0
8627	4	1	3	0,1,3,4,5	0
8628	5	1	3	0,1,4,5,6	0
8636	6	1	5	0,1,2,3,4	1
8639	4	1	3	0,2,1,4,5	0
8624	7	1	5	0,1,2,4,8	1
8640	3	1	2	0,4,1,2,3	0
8643	3	1	2	0,1,3,4,5	0
8649	4	1	3	0,1,4,5,6	0
8664	6	1	4	0,4,1,2,3	1
8666	5	1	3	0,3,1,2,4	0
8669	1	1	1	0,2,1,4,5	0
8672	4	1	3	1,2,0,3,4	0
8677	6	1	3	0,3,1,2,4	1
8673	7	1	4	0,1,2,3,5	1
8685	4	1	3	0,4,1,2,3	0
8696	4	1	2	0,3,1,2,7	0
8707	4	1	3	0,1,2,4,5	0
8719	6	1	3	0,3,1,2,5	1
8725	2	1	1	1,4,0,2,3	0
8741	5	1	4	0,2,1,3,4	0
8730	2	1	2	0,1,3,4,6	0
8380	6	1	5	0,5,1,2,3	1
8100	3	1	1	0,1,2,3,4	0
8749	3	1	2	0,1,2,3,4	0
8752	3	1	2	0,1,3,4,6	0
8758	5	1	4	2,3,0,1,5	0
8761	5	1	3	1,3,0,2,5	0
8762	5	1	5	0,2,1,3,4	0
8765	6	1	5	0,2,1,3,4	1
8756	6	1	5	0,1,3,4,6	1
8769	6	1	4	0,2,1,3,5	1
8435	5	1	5	0,1,2,3,4	0
8773	5	1	5	1,3,0,2,4	0
8777	4	1	3	2,4,0,1,3	0
8766	3	1	2	0,1,2,3,4	0
8794	5	1	4	0,1,3,4,6	0
8802	4	1	3	0,1,2,3,4	0
8806	5	1	4	0,1,2,3,4	0
8809	4	1	2	0,3,1,2,5	0
8811	5	1	4	0,1,2,3,4	0
8812	6	1	5	0,1,2,3,4	1
8839	2	1	2	0,1,3,4,6	0
8284	5	1	4	0,1,3,4,6	0
8866	4	1	2	1,2,0,4,6	0
8875	1	1	1	0,1,2,3,4	0
8340	3	1	1	0,5,1,2,3	0
8894	5	1	3	0,1,3,4,5	0
8886	5	1	4	1,2,0,4,5	0
8919	4	1	3	0,2,1,3,4	0
8918	5	1	4	0,3,1,2,5	0
8947	5	1	4	0,4,1,2,3	0
8965	3	1	3	0,2,1,4,5	0
8972	6	1	5	0,1,2,3,5	1
8974	4	1	4	0,2,1,4,5	0
8979	6	1	5	0,2,1,3,5	1
8983	5	1	5	1,3,0,2,4	0
8984	6	1	5	0,1,2,3,5	1
8985	7	1	5	1,2,0,5,6	1
8988	6	1	5	0,2,1,4,5	1
8990	6	1	5	1,4,0,2,5	1
9005	1	1	1	0,1,2,3,4	0
9008	6	1	5	0,2,1,3,4	1
9009	5	1	4	0,1,2,3,4	0
9010	4	1	2	0,1,3,4,5	0
8993	7	1	5	2,3,0,5,7	1
9013	5	1	4	0,1,2,4,5	0
9016	5	1	4	0,1,3,4,5	0
9012	6	1	4	0,1,3,4,5	1
9025	6	1	4	0,1,3,4,5	1
9026	5	1	2	5,6,0,1,2	0
9027	5	1	4	0,1,2,3,4	0
9028	5	1	3	0,1,3,4,5	0
9029	6	1	4	0,1,3,4,5	1
8615	4	1	3	0,3,1,2,5	0
8916	4	1	2	0,1,2,4,5	0
9038	6	1	4	0,1,3,4,5	1
9037	7	1	5	0,1,2,3,4	1
9040	3	1	2	0,1,3,4,5	0
9041	6	1	4	0,4,1,2,3	1
9042	5	1	5	0,3,1,2,5	0
9043	6	1	5	0,1,3,5,6	1
9044	6	1	5	1,2,0,3,4	1
9046	5	1	5	1,2,0,3,4	0
9047	5	1	5	1,2,0,3,4	0
9051	4	1	3	0,1,3,4,5	0
9050	5	1	4	3,4,0,1,2	0
9053	5	1	3	0,3,1,2,5	0
9060	6	1	4	0,1,3,4,5	1
9061	5	1	3	0,1,3,4,5	0
9058	7	1	5	0,1,2,3,4	1
9076	6	1	5	0,1,2,3,4	1
8840	3	1	3	0,1,3,4,6	0
9077	6	1	4	0,1,3,4,5	1
9079	6	1	4	0,3,1,2,5	1
9078	6	1	5	0,1,3,5,6	1
9091	4	1	3	1,2,0,3,4	0
9094	5	1	4	3,6,0,1,2	0
9098	5	1	3	0,1,2,4,5	0
9095	5	1	5	0,2,1,3,4	0
9108	5	1	3	0,3,1,2,5	0
9111	5	1	3	2,5,0,1,3	0
9117	5	1	3	2,3,0,1,5	0
9121	6	1	4	0,1,2,3,4	1
9122	6	1	4	0,1,3,4,5	1
9124	6	1	5	0,1,2,3,4	1
9030	6	1	3	0,1,3,4,5	1
9149	2	1	2	0,1,2,3,4	0
9151	6	1	4	1,2,0,3,5	1
9073	3	1	3	3,4,0,1,2	0
9153	6	1	5	0,1,2,3,5	1
9162	5	1	3	3,4,0,1,2	0
9167	6	1	5	0,1,2,3,5	1
9173	4	1	3	0,1,2,3,4	0
9181	4	1	4	0,1,3,4,5	0
9201	5	1	4	0,1,2,3,5	0
9206	6	1	5	0,1,2,4,5	1
9222	6	1	5	0,3,1,2,5	1
9148	6	1	5	1,3,0,2,4	1
9223	5	1	5	0,1,2,3,4	0
9224	5	1	4	0,2,1,4,5	0
9229	5	1	2	5,6,0,1,2	0
9245	4	1	4	1,2,0,3,5	0
9231	5	1	5	0,2,1,3,4	0
9256	5	1	5	0,2,1,3,4	0
9257	6	1	5	0,6,1,2,3	1
9274	5	1	5	3,4,0,1,2	0
9281	6	1	3	3,4,0,1,2	1
9287	6	1	5	0,1,3,4,5	1
9289	4	1	2	0,1,2,4,5	0
9290	6	1	4	0,1,2,4,5	1
9292	4	1	3	1,4,0,2,3	0
9152	6	1	5	1,2,0,3,5	1
9298	4	1	4	1,2,0,3,5	0
9301	6	1	5	0,2,1,3,7	1
9310	6	1	4	0,1,3,4,5	1
9314	5	1	4	0,1,3,4,5	0
9316	6	1	5	0,1,2,4,5	1
9317	6	1	5	1,2,0,3,4	1
9320	5	1	4	2,3,0,1,4	0
9322	6	1	5	3,4,0,1,5	1
9323	5	1	4	3,4,0,1,2	0
9295	4	1	3	0,1,3,4,5	0
9349	5	1	4	0,1,3,4,5	0
9351	3	1	2	0,1,3,4,5	0
9371	3	1	2	0,1,3,5,6	0
9373	6	1	4	0,5,1,2,3	1
9383	5	1	5	3,4,0,1,2	0
9390	4	1	4	0,1,2,4,5	0
9391	4	1	3	0,1,2,4,5	0
9395	4	1	2	0,3,1,2,5	0
9397	3	1	3	0,1,3,4,5	0
9400	6	1	3	0,2,1,3,4	1
9406	6	1	4	0,4,1,2,3	1
9412	4	1	3	0,1,3,4,5	0
9414	5	1	4	2,3,0,1,4	0
9416	6	1	4	0,4,1,2,3	1
9032	5	1	3	0,1,3,4,5	0
9426	5	1	5	0,1,2,4,5	0
9421	6	1	5	3,4,0,1,2	1
9429	5	1	4	2,3,0,1,4	0
9428	6	1	4	0,1,3,4,5	1
9431	3	1	2	0,3,1,2,5	0
9439	5	1	4	2,3,0,1,4	0
9440	4	1	3	0,1,3,4,5	0
9441	3	1	2	2,5,0,1,3	0
9452	3	1	3	1,2,0,3,4	0
9455	6	1	5	1,2,0,3,4	1
9462	5	1	4	0,1,2,3,4	0
9464	4	1	3	1,3,0,2,5	0
9471	2	1	1	0,1,3,4,5	0
9479	4	1	3	0,1,3,4,5	0
9488	4	1	2	0,1,3,4,5	0
9480	3	1	2	0,1,2,4,5	0
9492	5	1	4	1,2,0,3,5	0
9496	5	1	5	0,3,1,2,5	0
9498	3	1	2	1,2,0,4,5	0
9501	4	1	2	0,1,2,3,4	0
9514	6	1	4	0,1,3,4,5	1
9515	5	1	5	0,1,2,3,4	0
9517	5	1	5	0,1,3,4,5	0
9518	3	1	3	0,1,2,3,4	0
9519	3	1	2	0,1,3,4,5	0
9533	4	1	2	0,4,1,2,3	0
9540	4	1	3	0,1,2,3,4	0
9560	4	1	3	0,2,1,3,4	0
9563	4	1	3	0,3,1,2,5	0
9569	5	1	5	2,3,0,1,4	0
9574	6	1	5	0,2,1,4,5	1
9576	5	1	4	0,1,2,3,4	0
9581	6	1	5	0,5,1,2,3	1
9593	5	1	3	0,1,3,4,5	0
9600	4	1	3	0,2,1,3,4	0
9116	6	1	5	0,1,2,3,4	1
9601	4	1	2	0,3,1,2,6	0
9607	4	1	3	0,1,2,3,4	0
9611	4	1	3	0,1,3,4,5	0
9621	5	1	4	0,3,1,2,4	0
9634	4	1	3	0,1,3,4,5	0
9636	3	1	2	0,1,2,4,5	0
9637	6	1	4	6,7,0,1,2	1
9638	6	1	5	0,1,3,4,5	1
9641	6	1	5	0,1,2,4,5	1
9649	6	1	4	6,7,0,1,2	1
9655	5	1	4	0,1,3,4,5	0
9644	6	1	4	0,1,3,4,5	1
9661	4	1	3	0,1,3,4,5	0
9675	4	1	2	0,3,1,2,6	0
9676	5	1	3	3,5,0,1,2	0
9680	6	1	4	0,1,2,4,5	1
9681	5	1	4	1,2,0,3,4	0
9695	6	1	4	0,1,3,4,5	1
9697	4	1	3	0,1,3,4,5	0
9699	3	1	2	0,1,4,5,6	0
9713	2	1	1	1,3,0,2,6	0
9716	5	1	4	0,1,4,5,6	0
9718	5	1	3	3,4,0,1,2	0
9503	3	1	2	0,3,1,2,5	0
8770	6	1	4	0,1,2,6,7	1
9724	4	1	4	0,1,3,4,5	0
9726	7	1	5	0,1,3,4,5	1
9730	3	1	2	1,2,0,3,4	0
9732	3	1	2	0,1,2,3,5	0
9720	7	1	5	2,3,0,6,8	1
9663	5	1	3	0,1,3,4,5	0
9753	4	1	3	0,1,3,4,5	0
9773	5	1	2	0,1,3,4,5	0
9737	7	1	5	0,3,1,7,8	1
9776	4	1	2	0,1,3,4,5	0
9780	5	1	3	0,2,1,3,4	0
9775	3	1	2	0,1,3,4,5	0
9802	3	1	2	0,1,2,3,4	0
9804	3	1	2	0,2,1,3,4	0
9805	4	1	4	0,1,3,5,6	0
9745	3	1	2	3,4,0,1,2	0
9818	6	1	4	0,1,2,3,4	1
9822	1	1	1	0,2,1,3,4	0
9325	4	1	4	2,3,0,1,4	0
9833	2	1	2	0,1,3,4,5	0
9831	5	1	3	1,2,0,3,4	0
9830	6	1	5	0,1,3,4,5	1
9847	4	1	3	0,1,2,4,5	0
9843	3	1	2	0,1,3,4,5	0
9849	4	1	3	0,1,3,4,5	0
9857	5	1	3	0,1,3,4,5	0
9880	5	1	3	3,4,0,1,2	0
9850	5	1	4	1,2,0,3,5	0
9883	4	1	3	1,2,0,3,4	0
9892	7	1	5	2,5,0,1,4	1
9903	6	1	5	0,1,2,3,4	1
9907	4	1	3	2,5,0,1,3	0
9807	5	1	3	0,1,2,4,5	0
9842	4	1	3	0,5,1,2,3	0
9921	4	1	3	0,3,1,2,4	0
9923	5	1	3	1,3,0,2,5	0
9916	3	1	1	0,2,1,3,4	0
9927	5	1	3	0,1,2,3,5	0
9932	5	1	4	0,1,3,4,5	0
9937	4	1	3	0,1,2,3,4	0
9938	5	1	4	0,1,2,3,4	0
8782	3	1	2	0,1,2,3,4	0
9942	4	1	2	1,4,0,2,3	0
9943	1	1	1	0,1,2,5,6	0
9944	2	1	1	0,1,2,3,5	0
9951	5	1	3	2,5,0,1,3	0
9963	4	1	3	0,2,1,3,4	0
9981	4	1	1	0,1,3,4,6	0
9985	3	1	3	1,2,0,3,4	0
9962	5	1	4	0,1,2,3,4	0
9989	3	1	2	0,2,1,3,4	0
9990	3	1	2	0,2,1,3,4	0
9991	6	1	4	0,1,3,4,5	1
9998	6	1	5	0,1,2,3,4	1
9940	6	1	5	0,1,2,5,6	1
9885	7	1	5	0,6,1,2,4	1
10006	4	1	3	0,1,2,3,4	0
10012	3	1	2	0,1,2,4,5	0
10008	6	1	5	0,1,3,4,5	1
10024	5	1	4	0,1,3,4,5	0
10035	3	1	3	0,2,1,3,4	0
10033	5	1	4	0,2,1,3,4	0
10037	6	1	5	0,1,2,4,5	1
10045	4	1	1	0,1,2,3,4	0
10040	5	1	4	0,1,2,3,5	0
10047	4	1	4	0,1,3,4,5	0
10046	5	1	4	0,2,1,4,5	0
10052	5	1	4	0,1,3,4,5	0
10051	6	1	5	0,2,1,3,4	1
10056	3	1	3	0,1,2,4,5	0
10061	5	1	3	0,1,2,3,5	0
10069	4	1	2	0,1,2,3,4	0
10078	5	1	4	0,1,3,4,5	0
10079	2	1	2	0,1,2,3,4	0
10082	2	1	1	0,2,1,3,4	0
10084	5	1	5	0,1,3,4,5	0
10081	4	1	2	0,1,4,5,6	0
10085	5	1	4	0,1,3,4,6	0
10087	4	1	3	0,1,2,3,4	0
10089	6	1	4	0,1,2,3,4	1
10092	4	1	2	5,6,0,1,2	0
10104	6	1	4	0,2,1,3,4	1
10107	3	1	3	3,4,0,1,2	0
10111	4	1	3	0,1,2,3,4	0
10117	5	1	4	0,1,3,4,6	0
9910	5	1	5	0,1,2,3,4	0
10001	4	1	3	0,2,1,3,6	0
10125	4	1	4	0,1,3,4,5	0
10142	3	1	3	0,3,1,2,6	0
10156	6	1	4	1,2,0,4,6	1
10116	6	1	5	1,2,0,3,7	1
10184	6	1	3	0,1,3,4,5	1
10188	6	1	4	0,2,1,3,4	1
10189	7	1	5	0,1,3,4,5	1
10194	5	1	4	0,2,1,3,4	0
10197	5	1	4	0,1,3,4,5	0
10000	5	1	5	0,1,2,3,4	0
10200	5	1	4	0,4,1,2,3	0
10204	3	1	2	0,1,2,3,5	0
10206	4	1	2	0,3,1,2,5	0
10213	6	1	4	0,1,3,4,5	1
10220	5	1	3	0,5,1,2,3	0
10221	2	1	1	0,3,1,2,7	0
10227	5	1	4	0,3,1,2,5	0
10171	4	1	3	0,1,3,4,6	0
10233	5	1	2	0,3,1,2,5	0
10234	4	1	3	0,1,2,4,5	0
10236	5	1	4	0,4,1,2,3	0
10247	4	1	3	0,3,1,2,6	0
10248	5	1	4	0,2,1,3,4	0
10249	5	1	4	0,2,1,4,5	0
10228	6	1	4	0,3,1,5,8	1
10255	6	1	5	0,3,1,2,6	1
10253	5	1	4	0,1,3,4,5	0
9293	5	1	4	0,2,1,3,5	0
10259	5	1	3	0,3,1,2,6	0
10260	4	1	3	3,4,0,1,2	0
10257	1	1	1	0,1,2,3,4	0
10261	2	1	2	0,1,2,4,7	0
10263	3	1	2	0,1,3,4,6	0
10262	3	1	3	0,3,1,2,7	0
10267	0	1	0	0,1,3,4,6	0
10270	5	1	4	0,2,1,3,6	0
10276	6	1	5	0,1,2,3,4	1
9433	4	1	2	0,1,2,3,4	0
10281	5	1	4	0,1,2,3,6	0
10287	2	1	1	1,3,0,2,5	0
10297	6	1	5	0,1,3,4,5	1
10302	3	1	2	0,1,3,4,5	0
10311	4	1	3	0,1,3,4,5	0
10280	5	1	4	0,1,2,3,4	0
10354	3	1	2	0,2,1,3,5	0
10360	6	1	5	5,6,0,1,2	1
10363	3	1	2	0,1,2,3,4	0
10323	5	1	4	0,1,2,4,5	0
10364	4	1	2	0,2,1,3,5	0
10366	6	1	4	3,4,0,1,2	1
10398	5	1	3	0,2,1,3,5	0
10273	5	1	5	0,2,1,3,4	0
10406	2	1	0	0,1,3,5,6	0
10412	1	1	1	1,2,0,3,6	0
10417	6	1	5	3,4,0,1,2	1
10451	3	1	2	0,1,2,3,4	0
10453	4	1	3	0,1,2,3,4	0
10466	3	1	3	0,1,2,4,5	0
10455	6	1	5	0,1,2,3,4	1
10470	6	1	5	0,1,3,4,5	1
10481	5	1	4	0,1,3,4,5	0
10478	3	1	3	0,2,1,3,5	0
10483	3	1	2	0,1,2,3,5	0
10488	5	1	3	0,1,3,5,6	0
10490	3	1	2	1,2,0,3,4	0
10487	3	1	2	0,1,2,4,5	0
10502	5	1	3	0,1,3,4,5	0
10507	5	1	3	0,1,3,4,5	0
10508	6	1	5	0,1,2,3,4	1
10501	5	1	4	0,1,2,3,4	0
10513	5	1	5	0,1,2,3,4	0
10514	4	1	3	0,1,2,4,5	0
10509	6	1	5	0,1,2,3,5	1
10521	6	1	5	0,1,2,3,4	1
10405	4	1	2	0,2,1,4,5	0
10540	5	1	4	0,1,2,4,5	0
10547	6	1	5	0,1,2,3,5	1
10551	6	1	4	0,1,3,4,5	1
10575	6	1	5	0,1,2,3,4	1
10557	3	1	1	0,1,3,5,6	0
10577	3	1	3	2,4,0,1,3	0
10583	6	1	4	0,1,3,4,5	1
10610	4	1	3	0,1,2,4,5	0
10118	4	1	2	1,2,0,3,4	0
10622	6	1	4	0,1,2,3,4	1
10620	5	1	5	0,1,2,3,4	0
10628	5	1	5	0,2,1,3,5	0
10635	6	1	5	0,1,3,4,5	1
10633	5	1	4	0,1,3,4,5	0
10636	4	1	3	0,1,4,5,6	0
10649	2	1	1	2,3,0,1,6	0
10645	5	1	2	0,1,2,3,4	0
10199	6	1	5	0,1,3,4,5	1
10652	6	1	4	3,4,0,1,2	1
10664	5	1	3	0,2,1,3,5	0
10667	5	1	3	0,1,2,3,4	0
10670	5	1	3	0,3,1,2,4	0
10654	4	1	3	2,3,0,1,6	0
10672	4	1	1	0,3,1,2,4	0
10679	4	1	3	0,1,2,3,4	0
10680	4	1	3	0,1,2,3,4	0
10684	1	1	1	0,1,2,3,4	0
10699	4	1	2	1,5,0,2,3	0
10710	1	1	1	0,1,2,3,4	0
10729	5	1	4	2,3,0,1,4	0
10732	2	1	1	0,1,2,3,4	0
10739	6	1	4	0,1,2,3,4	1
10742	5	1	3	0,1,3,4,5	0
10745	2	1	1	1,2,0,3,6	0
10751	4	1	3	0,1,3,4,5	0
10756	6	1	5	0,2,1,4,5	1
10758	4	1	2	0,2,1,3,5	0
10760	5	1	4	0,2,1,3,5	0
10772	4	1	2	1,2,0,3,6	0
10774	3	1	2	0,1,3,4,6	0
10775	2	1	1	0,1,2,3,4	0
10776	5	1	3	1,2,0,3,4	0
10617	3	1	2	0,1,2,3,4	0
10778	4	1	3	0,1,2,3,4	0
10784	6	1	5	0,1,2,3,4	1
10786	3	1	2	0,1,2,4,5	0
9719	5	1	2	3,4,0,1,2	0
10793	2	1	1	0,1,3,5,6	0
10798	5	1	3	0,2,1,3,5	0
10801	6	1	4	0,1,2,4,5	1
10802	7	1	5	0,4,1,2,3	1
10803	3	1	2	0,1,2,4,6	0
10788	6	1	5	0,4,1,2,6	1
10813	5	1	3	0,2,1,3,6	0
10817	5	1	3	4,6,0,1,2	0
10821	4	1	3	0,2,1,3,6	0
10822	6	1	5	0,3,1,2,6	1
10826	5	1	3	0,2,1,4,6	0
10828	2	1	1	0,1,3,4,6	0
10829	4	1	3	0,1,2,3,4	0
10777	7	1	5	1,2,0,6,8	1
10844	6	1	5	0,1,2,4,5	1
10846	4	1	4	0,1,2,3,4	0
10847	5	1	4	1,2,0,4,5	0
10851	5	1	5	0,2,1,3,4	0
10853	4	1	4	0,2,1,3,5	0
10854	4	1	3	0,2,1,5,6	0
10861	6	1	5	2,3,0,1,5	1
10863	5	1	3	1,2,0,5,6	0
10865	5	1	4	2,3,0,1,5	0
10807	4	1	3	0,2,1,3,4	0
10871	6	1	5	2,3,0,1,5	1
10877	6	1	5	0,1,2,4,5	1
10878	6	1	5	0,1,3,4,5	1
10879	5	1	4	0,1,3,4,5	0
10880	5	1	4	0,2,1,3,5	0
10607	7	1	5	6,7,0,1,2	1
10882	5	1	4	0,1,3,4,5	0
10883	4	1	4	0,1,2,3,4	0
10887	6	1	5	0,1,2,4,5	1
10842	5	1	4	0,2,1,4,5	0
10891	4	1	2	2,3,0,1,5	0
10893	6	1	5	0,1,2,3,4	1
10898	6	1	4	0,1,3,4,5	1
10902	3	1	2	2,3,0,1,5	0
10762	5	1	4	0,2,1,3,5	0
10903	3	1	1	0,2,1,5,6	0
10905	6	1	5	0,1,2,3,4	1
10909	3	1	2	2,4,0,1,3	0
10904	6	1	4	0,1,2,3,4	1
10910	2	1	1	0,2,1,5,6	0
10897	6	1	4	0,2,1,3,5	1
10914	6	1	5	0,1,2,4,5	1
10886	6	1	5	2,3,0,1,5	1
10917	5	1	4	0,1,2,4,5	0
10866	5	1	4	1,2,0,4,5	0
10912	4	1	3	1,3,0,2,4	0
10925	6	1	5	0,2,1,3,5	1
10926	5	1	5	2,3,0,1,5	0
10928	3	1	1	0,2,1,5,6	0
10930	4	1	3	0,1,3,4,5	0
10932	5	1	4	2,3,0,1,5	0
10935	6	1	4	2,3,0,1,5	1
10939	6	1	5	0,1,2,3,4	1
10940	6	1	4	1,2,0,3,4	1
10881	6	1	5	2,3,0,1,5	1
10943	4	1	3	0,2,1,3,4	0
10921	4	1	3	0,2,1,5,6	0
10913	4	1	4	2,3,0,1,5	0
10945	5	1	4	0,1,2,3,4	0
10944	3	1	2	0,2,1,5,6	0
10946	3	1	3	0,1,2,3,4	0
10924	5	1	4	0,1,3,4,5	0
10955	5	1	4	1,3,0,2,4	0
10958	3	1	2	0,1,2,3,4	0
10961	6	1	5	0,2,1,5,6	1
10963	4	1	2	2,3,0,1,5	0
10965	2	1	2	2,3,0,1,5	0
10959	6	1	4	0,2,1,5,6	1
10966	4	1	3	0,4,1,2,3	0
10974	6	1	5	0,1,3,4,5	1
10979	5	1	4	0,1,3,4,5	0
10983	5	1	3	3,4,0,1,2	0
10988	5	1	4	2,3,0,1,6	0
10994	4	1	3	0,1,2,4,5	0
10995	4	1	3	0,1,3,5,6	0
10997	4	1	3	0,1,2,3,4	0
10526	5	1	4	0,1,3,4,5	0
10947	4	1	2	3,4,0,1,2	0
11002	5	1	4	0,1,2,3,4	0
11003	6	1	4	0,2,1,3,4	1
11006	4	1	3	0,1,3,4,5	0
11007	6	1	4	0,1,2,3,4	1
11008	3	1	3	0,2,1,3,5	0
11009	5	1	3	1,2,0,3,5	0
11017	3	1	2	0,2,1,3,4	0
11019	5	1	2	1,2,0,3,4	0
11024	5	1	4	0,1,2,3,4	0
11025	4	1	3	0,1,2,3,4	0
11027	5	1	4	0,1,2,3,4	0
11039	5	1	5	0,1,2,3,4	0
11057	6	1	3	0,2,1,5,6	1
11059	2	1	2	0,1,2,4,5	0
11060	4	1	3	0,1,2,3,4	0
11064	5	1	2	0,1,2,3,4	0
11067	5	1	3	2,3,0,1,5	0
10998	5	1	4	2,3,0,1,5	0
11077	5	1	5	0,4,1,2,3	0
11080	5	1	4	0,1,2,3,4	0
11085	5	1	5	1,3,0,2,4	0
11086	4	1	2	1,3,0,2,6	0
10942	6	1	4	1,2,0,3,4	1
11089	5	1	5	2,3,0,1,5	0
11094	5	1	5	0,5,1,2,3	0
11100	4	1	3	0,2,1,5,6	0
11102	5	1	3	0,2,1,5,6	0
11095	4	1	3	0,1,2,3,4	0
11108	4	1	2	0,2,1,5,6	0
11112	3	1	2	1,2,0,5,6	0
11001	6	1	5	2,3,0,1,5	1
11076	5	1	5	0,3,1,2,5	0
11117	5	1	4	0,2,1,5,6	0
10920	5	1	5	0,1,2,3,4	0
11127	6	1	4	0,1,2,3,4	1
11120	5	1	4	2,3,0,1,6	0
11132	4	1	2	0,1,3,5,6	0
11141	4	1	2	2,4,0,1,3	0
11144	5	1	2	1,2,0,4,5	0
11145	4	1	3	0,2,1,3,5	0
11146	3	1	3	0,1,2,3,4	0
11160	5	1	5	0,1,2,3,5	0
11162	7	1	5	1,4,0,2,5	1
11168	6	1	4	0,4,1,2,3	1
11176	5	1	3	0,1,2,3,5	0
11174	6	1	5	3,4,0,1,2	1
11178	2	1	2	0,5,1,2,3	0
11181	6	1	4	0,1,2,3,5	1
11204	4	1	3	0,1,2,3,5	0
11237	6	1	5	0,2,1,4,5	1
11246	4	1	3	0,1,2,4,5	0
11251	5	1	3	0,1,2,3,5	0
11260	3	1	2	1,2,0,3,4	0
11266	6	1	4	1,5,0,2,3	1
11119	3	1	3	0,2,1,5,6	0
11284	2	1	1	0,1,2,3,5	0
11286	4	1	3	0,1,2,3,5	0
11301	1	1	0	0,1,2,4,5	0
11303	4	1	2	0,1,2,3,5	0
11304	5	1	2	0,1,2,4,5	0
11305	4	1	3	0,1,3,4,5	0
11114	3	1	3	0,1,2,3,5	0
11322	6	1	5	0,1,2,3,6	1
11309	5	1	3	0,7,1,2,3	0
11325	4	1	4	0,1,2,3,5	0
11329	5	1	4	0,2,1,4,5	0
11332	6	1	4	2,3,0,1,4	1
11349	4	1	3	0,1,2,3,5	0
11046	5	1	5	0,1,2,4,5	0
11353	4	1	2	0,1,2,3,4	0
11368	2	1	2	3,4,0,1,2	0
11369	4	1	3	1,4,0,2,3	0
11370	4	1	2	1,4,0,2,3	0
11374	3	1	3	0,1,2,3,6	0
11147	3	1	2	0,1,3,4,5	0
11378	1	1	1	0,1,2,3,5	0
11379	4	1	2	0,1,2,3,6	0
11395	4	1	3	0,1,2,3,5	0
11308	7	1	5	2,3,0,4,5	1
11401	4	1	3	0,1,2,3,5	0
11407	5	1	4	0,7,1,2,3	0
11404	1	1	1	0,1,2,3,5	0
11410	3	1	2	0,1,2,3,5	0
11416	5	1	5	0,1,3,5,6	0
11434	6	1	4	0,2,1,3,4	1
11422	4	1	3	0,1,2,3,6	0
11443	5	1	4	0,1,3,4,5	0
11435	4	1	2	1,4,0,2,3	0
11445	2	1	2	0,1,2,3,6	0
11459	6	1	4	0,3,1,2,4	1
11350	4	1	2	0,1,3,4,5	0
11464	3	1	2	0,1,3,5,6	0
11469	3	1	2	1,2,0,4,6	0
11477	4	1	3	0,3,1,2,5	0
11470	4	1	2	1,3,0,2,6	0
11376	6	1	4	3,4,0,1,2	1
11485	5	1	3	2,3,0,1,5	0
11483	5	1	3	0,1,2,4,6	0
11490	4	1	3	0,1,2,3,6	0
11487	3	1	3	0,5,1,2,3	0
11493	5	1	4	0,2,1,4,5	0
11481	4	1	2	0,1,2,3,6	0
11511	2	1	1	0,1,2,3,6	0
11510	3	1	2	0,1,2,3,6	0
11519	4	1	2	0,5,1,2,3	0
11523	5	1	3	0,2,1,3,4	0
11531	6	1	5	2,3,0,1,5	1
11115	5	1	5	0,5,1,2,3	0
11554	3	1	2	0,1,3,4,5	0
11566	3	1	2	1,2,0,3,4	0
11495	3	1	2	0,1,2,3,6	0
11575	4	1	4	1,2,0,3,4	0
11569	3	1	2	0,3,1,2,6	0
11577	4	1	3	0,2,1,3,4	0
11393	5	1	5	1,3,0,2,5	0
11462	4	1	4	0,2,1,3,4	0
11588	3	1	1	0,1,2,6,7	0
11590	3	1	1	0,1,2,5,6	0
11586	1	1	1	1,2,0,3,6	0
11600	4	1	3	0,1,2,5,6	0
11595	3	1	2	0,1,3,4,7	0
11603	3	1	1	0,1,3,5,6	0
11607	6	1	5	0,1,2,4,5	1
11608	3	1	1	0,1,2,4,5	0
11615	5	1	3	0,3,1,2,4	0
11616	6	1	4	0,6,1,2,3	1
11620	6	1	5	0,1,3,5,6	1
11621	3	1	2	0,1,3,5,6	0
11641	5	1	4	0,5,1,2,3	0
11642	3	1	3	0,1,2,3,5	0
11648	3	1	3	0,1,3,5,6	0
11639	2	1	2	1,2,0,3,7	0
11653	5	1	4	0,1,3,5,6	0
11656	4	1	3	0,1,2,5,6	0
11654	5	1	5	2,3,0,1,5	0
11657	5	1	4	1,2,0,5,6	0
11667	5	1	4	0,6,1,2,3	0
11658	4	1	2	1,2,0,5,6	0
11676	4	1	3	0,2,1,3,5	0
11675	2	1	1	0,2,1,5,6	0
11585	5	1	4	0,1,3,4,6	0
11578	2	1	2	0,4,1,2,3	0
11685	4	1	3	1,2,0,4,5	0
11697	6	1	5	0,1,2,3,5	1
11687	4	1	2	1,2,0,4,5	0
11701	5	1	3	1,2,0,4,5	0
11707	4	1	2	3,4,0,1,2	0
11714	5	1	4	1,2,0,4,5	0
11723	5	1	3	1,3,0,2,4	0
11719	6	1	4	0,1,2,4,5	1
11724	5	1	4	3,5,0,1,2	0
11725	4	1	2	0,4,1,2,3	0
11727	5	1	2	5,6,0,1,2	0
11731	4	1	3	0,1,2,4,5	0
11732	3	1	3	1,3,0,2,4	0
11736	3	1	3	0,4,1,2,3	0
11742	5	1	4	0,1,3,4,5	0
11520	3	1	2	0,1,2,3,6	0
11549	7	1	4	0,1,2,5,6	1
11770	6	1	5	0,4,1,2,3	1
11775	4	1	2	0,1,2,3,5	0
11747	6	1	5	0,1,2,3,5	1
11794	5	1	4	1,2,0,3,5	0
11802	5	1	4	0,2,1,4,5	0
11803	3	1	2	0,4,1,2,3	0
11804	6	1	4	0,1,2,3,5	1
11805	5	1	3	1,2,0,4,5	0
11810	3	1	1	0,1,2,3,5	0
11813	3	1	2	0,1,3,5,6	0
11814	6	1	4	0,4,1,2,3	1
11679	3	1	3	0,1,3,5,7	0
11829	6	1	5	0,2,1,4,5	1
11734	5	1	4	0,1,3,5,6	0
11834	4	1	3	0,1,2,3,5	0
11684	4	1	2	0,1,4,5,6	0
11837	5	1	3	0,1,4,5,6	0
11842	4	1	3	0,1,2,3,5	0
11844	2	1	1	0,1,3,5,6	0
11853	5	1	3	0,4,1,2,3	0
11855	5	1	4	1,2,0,4,5	0
11859	6	1	3	1,2,0,4,5	1
11833	5	1	4	2,3,0,1,5	0
11863	5	1	3	0,1,2,3,4	0
11867	6	1	4	1,2,0,4,5	1
11873	5	1	4	0,1,3,5,6	0
11874	4	1	2	0,1,2,3,5	0
11876	4	1	2	0,1,2,4,5	0
11880	5	1	3	0,1,3,4,5	0
11822	5	1	4	1,2,0,3,5	0
11887	4	1	2	0,1,3,4,5	0
11888	5	1	2	0,4,1,2,3	0
11890	2	1	1	0,4,1,2,3	0
11907	4	1	2	0,1,2,3,5	0
11909	5	1	3	0,1,2,3,5	0
11914	6	1	5	3,4,0,1,2	1
11916	5	1	3	0,4,1,2,3	0
11917	6	1	4	0,4,1,2,3	1
11886	6	1	4	0,1,3,4,5	1
11929	5	1	4	1,3,0,2,5	0
11932	4	1	2	2,5,0,1,3	0
11933	4	1	2	2,3,0,1,4	0
11936	5	1	3	0,1,2,3,5	0
11937	4	1	3	0,2,1,3,5	0
11959	6	1	5	0,1,2,3,4	1
11835	6	1	5	2,3,0,1,5	1
11964	5	1	3	1,5,0,2,3	0
11960	3	1	3	0,1,3,4,5	0
11970	5	1	3	0,4,1,2,3	0
11974	6	1	5	0,2,1,3,5	1
11975	5	1	4	2,3,0,1,5	0
11976	4	1	3	1,3,0,2,5	0
11977	6	1	3	0,2,1,3,5	1
11987	5	1	4	0,2,1,4,5	0
11994	5	1	4	1,2,0,4,6	0
12001	6	1	4	0,4,1,2,3	1
11920	5	1	4	0,1,3,4,5	0
12006	6	1	5	0,1,2,4,5	1
12008	4	1	2	0,1,2,3,6	0
12013	6	1	5	6,7,0,1,2	1
12018	5	1	3	0,1,2,3,6	0
12017	5	1	3	0,4,1,2,3	0
12023	6	1	5	1,2,0,3,5	1
12026	6	1	4	0,4,1,2,3	1
12027	6	1	5	0,1,2,3,5	1
12033	5	1	3	0,3,1,2,6	0
12049	6	1	5	0,4,1,2,3	1
12042	6	1	5	0,4,1,2,3	1
12050	5	1	4	1,2,0,3,5	0
12054	3	1	2	0,5,1,2,3	0
12062	5	1	4	0,4,1,2,3	0
12068	5	1	2	0,4,1,2,3	0
12070	5	1	5	1,2,0,3,4	0
12075	4	1	3	2,3,0,1,5	0
12078	3	1	3	0,3,1,2,6	0
12079	6	1	5	0,4,1,2,3	1
12082	5	1	3	0,2,1,3,4	0
11861	4	1	2	0,1,2,3,6	0
11998	4	1	2	0,1,2,3,4	0
12101	4	1	3	1,2,0,3,4	0
12099	6	1	4	0,1,2,3,4	1
12107	5	1	4	1,2,0,3,4	0
12108	5	1	4	0,1,2,3,4	0
12103	2	1	2	0,1,2,3,6	0
12112	4	1	3	0,1,3,4,6	0
12115	4	1	3	0,1,3,4,5	0
12120	3	1	2	0,1,3,4,5	0
12122	7	1	5	0,3,1,2,5	1
11786	4	1	3	1,2,0,3,4	0
12135	2	1	1	0,1,3,5,6	0
12144	4	1	3	0,3,1,2,5	0
12148	4	1	3	0,1,3,4,5	0
12149	5	1	4	0,2,1,6,7	0
11279	4	1	3	0,1,2,3,5	0
12151	3	1	2	0,1,2,5,6	0
12153	6	1	5	1,2,0,3,4	1
12154	4	1	2	0,1,2,3,5	0
12155	5	1	3	0,1,2,6,7	0
12164	5	1	4	0,3,1,2,6	0
12139	7	1	5	0,3,1,8,10	1
12165	5	1	4	3,4,0,1,2	0
12166	4	1	3	2,3,0,1,4	0
12172	5	1	4	0,1,3,4,6	0
12175	4	1	3	0,2,1,5,7	0
12176	3	1	2	0,1,3,5,6	0
12180	5	1	4	0,1,3,5,6	0
12184	4	1	2	0,2,1,3,5	0
12181	4	1	4	0,1,2,3,5	0
12185	4	1	3	0,2,1,3,6	0
12190	3	1	2	2,4,0,1,3	0
12198	4	1	4	0,1,2,3,5	0
12199	4	1	3	0,1,2,3,6	0
12208	3	1	2	2,3,0,1,4	0
12128	1	1	1	0,1,2,5,6	0
12214	5	1	4	0,2,1,3,5	0
12216	4	1	2	0,1,3,6,7	0
12219	2	1	2	0,1,3,5,6	0
12222	2	1	2	0,1,3,5,6	0
12228	5	1	3	0,2,1,6,7	0
12229	4	1	3	0,1,2,4,6	0
12232	5	1	3	6,7,0,1,2	0
12236	6	1	4	0,1,2,5,6	1
12237	5	1	3	0,2,1,4,5	0
12240	5	1	4	0,2,1,3,4	0
11180	5	1	3	0,1,2,3,5	0
12241	6	1	5	0,1,2,3,5	1
12245	5	1	4	0,5,1,2,3	0
12251	2	1	1	0,1,2,3,5	0
12263	6	1	4	0,1,2,5,6	1
12264	3	1	3	0,1,2,5,6	0
12267	6	1	4	5,7,0,1,2	1
12268	6	1	5	0,1,2,3,5	1
12269	6	1	5	2,3,0,1,4	1
12273	4	1	3	0,1,3,5,6	0
12275	5	1	4	0,1,2,3,6	0
12276	5	1	3	0,1,3,5,6	0
12280	5	1	5	0,1,2,3,5	0
12239	6	1	5	1,6,0,2,3	1
12286	5	1	3	0,1,2,3,5	0
12287	5	1	3	0,1,2,4,5	0
12288	5	1	5	0,4,1,2,3	0
12295	6	1	5	2,3,0,1,4	1
12150	5	1	5	0,3,1,2,6	0
12307	5	1	5	0,1,3,4,5	0
12298	5	1	4	0,1,2,3,6	0
12213	3	1	2	0,1,2,3,4	0
12310	5	1	4	0,1,2,3,6	0
12313	5	1	3	0,1,2,3,5	0
12318	3	1	2	0,1,2,3,7	0
12314	5	1	5	0,1,2,3,5	0
12321	5	1	3	0,1,2,3,5	0
12326	6	1	5	2,3,0,1,6	1
12328	6	1	5	2,3,0,1,6	1
12327	3	1	3	0,1,2,3,5	0
12330	4	1	4	0,1,2,3,5	0
12309	6	1	5	0,1,2,3,6	1
11760	4	1	3	1,2,0,3,5	0
12346	2	1	2	0,1,2,3,6	0
12348	6	1	5	0,1,2,3,5	1
12342	6	1	5	0,1,2,3,6	1
12357	4	1	4	0,1,2,3,5	0
12362	3	1	3	0,1,3,6,7	0
12398	3	1	1	2,6,0,1,3	0
12351	3	1	3	0,1,2,5,7	0
12402	4	1	3	0,1,3,4,5	0
12438	4	1	3	0,1,2,3,4	0
12433	4	1	3	0,1,2,3,4	0
12447	4	1	3	0,1,2,4,5	0
12452	3	1	2	0,1,2,3,4	0
12347	4	1	3	0,4,1,2,3	0
12454	3	1	2	0,1,2,3,4	0
12455	6	1	4	2,4,0,1,3	1
12459	4	1	2	0,1,4,5,6	0
12461	4	1	3	0,1,2,4,5	0
12211	5	1	5	0,1,2,3,4	0
12465	3	1	1	1,2,0,3,4	0
12484	3	1	3	0,1,4,5,6	0
12509	6	1	5	0,1,2,3,4	1
12511	6	1	5	1,3,0,2,4	1
12517	6	1	5	0,1,2,3,5	1
12518	6	1	5	0,2,1,3,4	1
12522	6	1	5	0,1,2,3,5	1
12523	5	1	4	0,3,1,2,4	0
12094	5	1	3	0,1,2,3,4	0
12529	5	1	3	5,6,0,1,2	0
12333	3	1	1	0,1,2,3,6	0
12531	4	1	3	0,2,1,4,5	0
12533	4	1	2	0,1,4,5,6	0
12544	5	1	4	4,5,0,1,2	0
12553	3	1	2	0,1,3,4,5	0
12548	6	1	4	0,1,2,3,5	1
12555	5	1	5	0,1,2,3,4	0
12580	6	1	4	0,1,2,3,4	1
12622	4	1	3	0,1,3,5,6	0
12598	6	1	5	0,1,2,5,6	1
12660	6	1	5	0,2,1,3,6	1
12673	5	1	4	0,1,3,4,5	0
12674	6	1	5	0,1,2,3,6	1
12682	5	1	5	1,3,0,2,4	0
12691	5	1	5	0,1,2,3,4	0
12694	5	1	4	0,2,1,3,4	0
12713	1	1	1	0,1,4,5,6	0
12738	5	1	5	1,2,0,3,4	0
12525	5	1	4	0,1,3,4,5	0
12747	5	1	3	0,1,3,4,5	0
12754	4	1	3	2,3,0,1,4	0
12750	6	1	5	0,2,1,3,4	1
12761	4	1	3	0,1,2,3,4	0
12764	6	1	5	2,3,0,1,4	1
12765	5	1	4	0,3,1,2,4	0
12755	6	1	5	2,3,0,1,4	1
12766	6	1	5	0,2,1,4,5	1
12773	4	1	3	0,1,3,4,5	0
12793	4	1	3	0,1,3,4,5	0
12794	5	1	4	0,1,3,4,5	0
12803	5	1	4	0,1,2,4,5	0
12821	5	1	5	0,1,2,3,4	0
12820	5	1	4	0,2,1,4,5	0
12829	5	1	5	0,1,2,3,4	0
12828	6	1	4	0,1,3,4,5	1
12833	4	1	3	0,1,3,4,5	0
12832	6	1	4	2,3,0,1,4	1
12835	4	1	4	0,1,3,4,5	0
12836	5	1	4	0,1,2,3,5	0
12839	3	1	3	0,2,1,3,5	0
12856	6	1	5	0,1,2,4,5	1
12448	4	1	2	1,2,0,3,4	0
12681	5	1	4	0,1,3,4,5	0
12874	6	1	4	2,3,0,4,5	1
12886	7	1	4	2,5,0,1,3	1
12888	3	1	2	0,1,2,5,6	0
12911	5	1	3	1,3,0,2,4	0
12912	5	1	5	0,1,2,3,4	0
12924	5	1	4	0,2,1,3,5	0
12944	4	1	4	0,1,4,5,6	0
12949	6	1	4	2,3,0,1,4	1
12962	5	1	4	3,4,0,1,2	0
12963	4	1	3	0,1,2,3,4	0
12989	5	1	4	0,1,3,4,5	0
12992	1	1	0	0,1,4,5,6	0
13002	4	1	3	0,2,1,4,6	0
12960	3	1	2	0,2,1,3,5	0
13004	6	1	5	0,1,2,3,5	1
13006	6	1	5	0,1,2,3,5	1
13007	5	1	5	2,3,0,1,4	0
12630	6	1	4	1,2,0,4,5	1
13013	6	1	5	2,3,0,1,4	1
13024	4	1	4	0,1,2,3,4	0
13029	5	1	5	0,1,2,3,4	0
13031	5	1	4	1,2,0,3,5	0
13036	4	1	3	1,2,0,3,4	0
13039	6	1	4	0,2,1,3,6	1
13046	6	1	5	0,1,2,4,5	1
13061	4	1	4	0,1,2,3,4	0
13067	4	1	4	0,2,1,4,5	0
13076	5	1	3	2,3,0,1,4	0
13091	3	1	3	0,1,2,3,5	0
13104	6	1	5	2,3,0,1,4	1
13099	3	1	2	0,1,4,5,6	0
13107	3	1	3	2,3,0,1,4	0
13108	5	1	4	0,1,2,3,4	0
13117	6	1	5	1,2,0,4,6	1
13129	4	1	3	0,1,2,3,4	0
13131	4	1	3	0,1,4,5,6	0
13132	5	1	4	0,1,2,3,4	0
13137	4	1	4	2,3,0,1,4	0
12841	6	1	5	0,4,1,2,3	1
13139	5	1	3	0,1,2,3,4	0
13155	2	1	2	2,3,0,1,7	0
13156	5	1	4	2,5,0,1,3	0
13167	5	1	3	0,3,1,2,4	0
13163	4	1	3	0,1,3,4,5	0
13178	5	1	4	0,1,2,3,4	0
13204	2	1	2	0,2,1,4,5	0
13205	3	1	2	0,2,1,4,5	0
13206	4	1	3	0,1,2,3,4	0
13212	5	1	3	2,3,0,1,4	0
13219	4	1	2	0,1,3,4,5	0
13227	4	1	2	1,4,0,2,3	0
13242	2	1	1	0,3,1,2,4	0
13243	3	1	3	0,1,4,5,6	0
13254	5	1	3	0,3,1,2,4	0
13264	3	1	3	0,1,3,4,6	0
13265	3	1	3	0,1,2,3,4	0
13266	5	1	4	1,4,0,2,3	0
12281	4	1	3	0,1,2,5,6	0
13276	3	1	2	0,2,1,4,5	0
13277	4	1	4	1,2,0,3,5	0
13278	5	1	3	0,1,3,4,5	0
13279	5	1	4	0,1,2,4,6	0
13285	4	1	4	0,3,1,2,5	0
13295	3	1	2	0,2,1,4,7	0
13297	3	1	2	0,1,2,4,5	0
12462	4	1	2	0,1,4,5,6	0
13314	6	1	5	0,2,1,4,5	1
13318	5	1	3	0,2,1,4,5	0
13323	6	1	5	0,2,1,3,5	1
13330	5	1	4	0,1,2,3,4	0
13337	5	1	3	0,1,2,3,4	0
13339	5	1	3	0,1,4,5,6	0
13349	4	1	3	0,1,3,4,5	0
13357	5	1	5	0,1,2,3,4	0
13361	2	1	1	0,1,2,3,5	0
13371	4	1	3	0,1,4,5,6	0
13372	6	1	5	0,1,2,3,4	1
12743	6	1	5	2,3,0,1,4	1
13382	4	1	3	0,1,2,3,4	0
13383	5	1	3	0,2,1,5,6	0
13387	4	1	2	2,3,0,1,4	0
13390	5	1	3	0,1,3,4,6	0
13229	4	1	4	0,1,2,3,6	0
13392	4	1	2	0,1,4,5,6	0
13397	4	1	3	0,2,1,4,7	0
12869	6	1	4	0,1,3,4,5	1
13410	5	1	5	0,1,2,3,4	0
13411	5	1	4	0,1,2,3,4	0
13412	4	1	3	0,1,3,4,5	0
13413	4	1	3	0,1,3,4,5	0
13422	5	1	4	0,1,2,4,5	0
13428	5	1	4	0,1,3,4,5	0
13432	5	1	3	2,3,0,1,5	0
13430	3	1	2	0,1,3,5,6	0
13433	3	1	2	0,1,2,3,4	0
13435	6	1	4	0,2,1,3,5	1
13436	3	1	2	1,2,0,4,5	0
13010	4	1	3	0,1,2,4,5	0
13299	4	1	3	0,2,1,4,5	0
13451	2	1	2	0,1,2,3,4	0
13457	3	1	3	0,1,2,3,4	0
13462	5	1	4	0,1,2,3,4	0
13464	6	1	4	0,2,1,3,5	1
13465	4	1	3	0,1,2,3,4	0
13489	3	1	3	1,5,0,2,3	0
13500	5	1	3	0,1,3,4,5	0
13502	4	1	3	0,1,2,3,4	0
13505	3	1	2	0,1,4,5,6	0
13445	0	1	0	0,1,2,4,5	0
13517	5	1	4	0,1,2,3,4	0
13520	3	1	2	0,2,1,5,6	0
13529	4	1	3	1,6,0,2,3	0
13439	5	1	4	2,3,0,1,5	0
13120	3	1	3	0,1,2,3,4	0
13550	2	1	2	1,3,0,2,4	0
13552	3	1	2	0,1,2,3,6	0
13553	4	1	3	0,1,3,4,5	0
13548	6	1	5	0,6,1,2,3	1
13571	4	1	3	0,1,3,5,6	0
13573	4	1	3	1,6,0,2,3	0
13578	5	1	5	0,1,2,3,4	0
13594	3	1	3	0,1,2,3,4	0
13597	4	1	2	0,2,1,4,5	0
13601	4	1	4	3,4,0,1,2	0
13609	6	1	5	0,1,2,3,4	1
13611	4	1	4	1,4,0,2,3	0
13613	6	1	5	0,2,1,4,5	1
13615	6	1	5	1,2,0,3,4	1
13623	4	1	4	2,3,0,1,4	0
13631	4	1	3	2,3,0,1,4	0
13632	4	1	3	0,1,2,3,5	0
13559	5	1	4	0,2,1,4,5	0
13650	6	1	4	1,4,0,2,3	1
13657	5	1	3	0,1,2,3,5	0
13658	4	1	3	1,3,0,2,4	0
13671	1	1	1	0,1,2,3,4	0
13677	5	1	3	1,4,0,2,3	0
13679	3	1	3	0,1,2,3,6	0
13685	2	1	1	0,1,2,3,6	0
13687	5	1	4	0,1,3,4,5	0
13688	4	1	3	0,1,3,4,6	0
13695	5	1	3	0,1,2,3,4	0
13696	4	1	3	1,2,0,5,6	0
13698	6	1	5	1,3,0,2,5	1
13648	4	1	3	0,1,2,3,5	0
13700	5	1	4	2,3,0,1,5	0
13701	6	1	5	1,3,0,2,6	1
13702	5	1	4	0,2,1,5,6	0
13537	5	1	3	0,2,1,4,5	0
13699	6	1	5	1,3,0,2,5	1
13705	5	1	4	0,2,1,4,5	0
13708	4	1	3	0,1,3,4,5	0
13709	3	1	1	1,2,0,5,6	0
13712	5	1	4	0,2,1,4,5	0
13713	4	1	3	1,2,0,5,6	0
13714	5	1	5	1,3,0,2,5	0
13716	5	1	4	0,1,2,3,4	0
13718	5	1	3	2,3,0,1,4	0
13719	5	1	4	0,1,2,5,6	0
13721	3	1	3	1,3,0,2,5	0
13722	6	1	5	0,5,1,2,3	1
13703	4	1	2	1,2,0,5,6	0
13724	3	1	2	1,2,0,5,6	0
13377	5	1	4	0,1,2,3,4	0
13704	5	1	5	1,2,0,5,6	0
13738	4	1	4	0,3,1,2,5	0
13741	5	1	3	0,1,3,5,6	0
13743	4	1	3	0,1,2,4,5	0
13745	2	1	1	0,2,1,5,6	0
13551	4	1	4	0,2,1,3,5	0
13748	6	1	5	0,1,3,5,6	1
13759	6	1	4	0,1,2,3,4	1
13760	4	1	4	1,2,0,5,6	0
13769	6	1	5	0,1,3,4,5	1
13733	5	1	4	1,4,0,2,3	0
13772	4	1	3	0,1,2,3,5	0
13779	2	1	2	0,1,2,3,4	0
13783	6	1	4	0,2,1,4,5	1
13731	5	1	5	1,2,0,6,7	0
13785	4	1	3	0,4,1,2,3	0
13799	6	1	5	2,3,0,1,4	1
13805	6	1	5	1,2,0,4,6	1
13813	5	1	3	0,1,3,4,5	0
13790	2	1	1	0,1,4,5,6	0
13736	3	1	2	0,2,1,5,6	0
13817	6	1	5	0,2,1,4,6	1
13477	4	1	4	0,2,1,4,5	0
13819	3	1	2	0,2,1,4,7	0
13784	3	1	1	2,3,0,1,4	0
13818	3	1	2	0,2,1,4,7	0
13823	4	1	2	0,2,1,4,5	0
13826	3	1	3	0,2,1,3,4	0
13829	5	1	4	0,2,1,4,6	0
13831	5	1	3	0,1,3,4,6	0
13833	5	1	4	1,2,0,3,4	0
13832	2	1	2	0,1,2,3,4	0
13834	5	1	4	0,1,3,4,6	0
13836	3	1	2	0,1,2,5,6	0
13843	5	1	5	0,2,1,4,6	0
13844	4	1	3	0,3,1,2,5	0
13835	2	1	1	0,2,1,5,6	0
13846	4	1	2	0,2,1,5,6	0
13847	5	1	5	2,3,0,1,4	0
13849	3	1	2	0,2,1,5,6	0
13850	6	1	5	1,5,0,2,3	1
13854	4	1	2	0,2,1,5,6	0
13856	4	1	2	0,1,2,3,4	0
13820	6	1	5	0,1,2,4,7	1
13855	6	1	5	0,2,1,3,6	1
13869	6	1	5	0,2,1,3,4	1
13870	3	1	3	0,1,2,3,6	0
13873	6	1	5	0,1,2,3,5	1
13877	5	1	3	0,4,1,2,3	0
13882	4	1	3	0,2,1,4,6	0
13883	5	1	5	0,2,1,4,6	0
13890	3	1	3	0,1,3,5,6	0
13889	5	1	5	2,3,0,1,4	0
13892	4	1	4	0,1,2,5,6	0
13891	5	1	5	0,1,3,5,6	0
13894	3	1	2	0,1,2,5,6	0
13896	4	1	3	0,1,5,6,7	0
13916	3	1	1	0,1,4,5,6	0
13902	2	1	1	0,1,2,5,6	0
13919	4	1	3	0,1,2,4,5	0
13933	3	1	1	0,1,2,4,5	0
13963	7	1	5	2,3,0,1,4	1
13816	5	1	4	0,2,1,4,6	0
13763	6	1	5	0,2,1,6,7	1
13973	6	1	5	3,4,0,1,7	1
13974	4	1	2	0,1,3,4,5	0
13982	6	1	5	0,1,2,3,5	1
13984	6	1	5	0,1,2,4,5	1
13987	5	1	4	0,2,1,3,5	0
13981	3	1	2	0,1,2,4,5	0
13988	5	1	4	0,2,1,3,5	0
13989	5	1	4	0,1,2,4,5	0
13991	3	1	2	0,1,4,5,6	0
13997	4	1	4	0,2,1,3,5	0
14006	5	1	4	3,4,0,1,2	0
14008	6	1	5	0,2,1,4,5	1
14009	2	1	2	0,1,4,5,6	0
14012	4	1	4	0,1,2,4,5	0
14016	5	1	4	0,3,1,2,4	0
14026	2	1	2	0,1,2,4,5	0
14028	3	1	1	1,3,0,2,4	0
13815	6	1	4	1,2,0,4,6	1
13972	6	1	4	0,5,1,2,3	1
13267	5	1	3	2,3,0,1,4	0
14045	5	1	4	0,1,3,4,5	0
14072	3	1	2	0,1,2,4,5	0
13825	5	1	4	2,3,0,1,4	0
14075	3	1	2	0,1,3,4,5	0
14083	5	1	3	2,5,0,1,3	0
14092	2	1	1	0,1,2,4,6	0
14097	6	1	4	0,1,2,4,5	1
14098	3	1	2	0,1,2,4,6	0
14107	5	1	4	1,3,0,2,5	0
14103	6	1	4	0,1,3,4,6	1
14108	5	1	4	1,3,0,2,5	0
14111	4	1	3	0,1,2,5,6	0
14118	3	1	3	0,1,2,4,5	0
14129	3	1	3	0,1,2,5,7	0
14134	3	1	2	0,1,2,5,6	0
14135	5	1	4	0,1,3,4,5	0
14141	2	1	1	1,3,0,2,5	0
14136	4	1	2	1,3,0,2,6	0
14142	3	1	2	0,1,2,5,6	0
14146	2	1	2	0,2,1,3,4	0
14147	4	1	3	0,1,2,3,4	0
14160	3	1	3	2,4,0,1,3	0
14149	6	1	5	0,4,1,2,3	1
14162	5	1	3	0,4,1,2,3	0
14166	5	1	3	2,3,0,1,4	0
14173	6	1	4	2,4,0,1,3	1
14181	5	1	3	0,1,2,3,4	0
14183	6	1	5	1,3,0,2,4	1
14194	4	1	3	1,3,0,2,4	0
14165	6	1	4	0,1,2,3,4	1
14207	5	1	4	0,1,2,4,5	0
14208	5	1	3	0,1,2,4,6	0
14212	6	1	5	0,1,2,3,6	1
14213	4	1	2	1,2,0,5,6	0
14214	6	1	5	0,1,2,3,4	1
14119	3	1	3	0,1,2,4,5	0
14042	2	1	1	0,1,2,4,5	0
14227	4	1	3	1,3,0,2,4	0
14228	5	1	4	0,1,2,5,6	0
14229	6	1	5	0,1,2,4,5	1
14230	4	1	3	0,1,2,4,5	0
14231	1	1	1	0,1,2,5,6	0
14235	6	1	4	0,1,2,5,6	1
14249	6	1	4	0,3,1,2,4	1
13867	7	1	5	0,2,1,4,5	1
14255	4	1	2	0,1,3,4,6	0
14263	3	1	3	0,2,1,3,6	0
14211	5	1	3	1,2,0,3,4	0
14269	4	1	2	0,1,2,5,6	0
14223	4	1	4	0,1,2,3,4	0
14273	3	1	2	1,3,0,2,4	0
14277	3	1	2	0,2,1,3,6	0
14225	4	1	3	1,2,0,6,7	0
14285	4	1	2	0,1,4,5,6	0
14280	5	1	3	0,4,1,2,3	0
14289	6	1	5	0,1,2,3,5	1
14292	3	1	2	0,1,2,4,6	0
14294	6	1	4	0,1,2,4,7	1
14298	4	1	2	0,1,2,4,6	0
14299	4	1	4	0,1,2,6,7	0
14300	6	1	4	1,2,0,4,7	1
14301	5	1	4	0,1,2,4,7	0
14287	5	1	5	1,2,0,4,5	0
14302	3	1	1	0,1,2,5,6	0
14303	4	1	3	0,1,2,5,6	0
14308	2	1	1	0,1,2,6,7	0
14313	5	1	4	0,1,3,4,5	0
14316	5	1	4	0,2,1,3,6	0
14315	3	1	3	0,1,2,6,7	0
14271	6	1	4	0,3,1,2,5	1
14321	5	1	4	1,3,0,2,4	0
14210	6	1	5	1,3,0,2,5	1
14323	4	1	2	0,1,3,5,6	0
14324	1	1	0	0,2,1,3,5	0
14326	3	1	3	0,1,2,3,7	0
14328	5	1	4	0,1,3,4,5	0
14334	4	1	3	0,1,3,6,7	0
14337	6	1	4	0,1,2,3,5	1
14340	2	1	2	0,1,2,5,6	0
14329	5	1	4	0,1,2,5,6	0
14342	3	1	1	0,1,2,5,7	0
14345	4	1	4	0,1,2,6,7	0
14348	2	1	1	0,1,3,5,6	0
14264	5	1	5	2,4,0,1,3	0
14350	6	1	4	0,1,3,6,7	1
14351	5	1	4	0,1,3,5,6	0
14354	5	1	5	0,1,2,3,5	0
14358	3	1	2	0,1,4,5,6	0
14359	3	1	1	0,1,4,5,6	0
14360	4	1	3	1,2,0,5,6	0
14361	5	1	5	1,2,0,4,5	0
14367	6	1	5	2,3,0,1,4	1
14319	4	1	2	0,2,1,5,6	0
14370	4	1	2	0,1,4,5,6	0
14374	5	1	4	0,1,3,4,5	0
14376	6	1	5	0,1,2,3,4	1
14250	4	1	4	0,1,2,5,6	0
14383	5	1	4	0,1,3,4,5	0
14384	5	1	4	1,2,0,4,5	0
14385	5	1	3	1,2,0,5,6	0
14392	4	1	2	0,1,4,5,6	0
14320	5	1	4	0,4,1,2,3	0
14395	5	1	4	0,1,3,4,5	0
14349	5	1	4	2,3,0,1,4	0
14399	6	1	4	1,2,0,4,5	1
14369	3	1	3	1,2,0,4,5	0
14401	5	1	5	1,2,0,4,5	0
14400	4	1	4	0,2,1,3,4	0
14408	5	1	4	0,1,3,4,5	0
14407	4	1	4	0,1,4,5,6	0
14410	6	1	5	0,1,2,3,4	1
14411	4	1	2	0,1,4,5,6	0
14416	6	1	4	1,2,0,4,5	1
14417	4	1	3	0,1,4,5,6	0
14409	4	1	3	1,2,0,4,5	0
14423	4	1	3	1,2,0,4,5	0
14426	5	1	4	1,2,0,4,5	0
14427	5	1	3	2,3,0,1,4	0
14430	5	1	4	0,1,4,5,6	0
14431	2	1	2	0,1,2,3,4	0
14433	5	1	5	1,2,0,4,5	0
14394	6	1	5	1,2,0,4,5	1
14445	3	1	2	1,2,0,4,5	0
14446	5	1	5	0,1,2,3,5	0
14450	3	1	2	1,2,0,4,6	0
14453	6	1	5	0,1,4,5,6	1
14458	4	1	3	0,1,4,5,6	0
14418	2	1	2	1,3,0,2,4	0
14465	3	1	2	1,2,0,4,5	0
14470	1	1	1	0,1,2,4,6	0
14442	4	1	2	1,2,0,4,5	0
14472	4	1	4	1,2,0,4,5	0
14479	5	1	4	0,1,2,3,4	0
14482	3	1	3	0,1,2,4,5	0
14484	6	1	4	2,3,0,1,6	1
14463	3	1	2	0,1,4,5,6	0
14414	5	1	4	1,2,0,4,5	0
14488	5	1	3	0,2,1,5,6	0
14491	2	1	1	0,1,4,5,6	0
14492	4	1	4	1,3,0,2,4	0
14509	5	1	5	1,2,0,4,5	0
14501	4	1	4	1,2,0,5,6	0
14514	4	1	4	1,2,0,5,6	0
14518	3	1	2	1,2,0,5,6	0
14519	4	1	3	1,2,0,4,5	0
14522	5	1	4	0,3,1,2,6	0
14515	3	1	2	0,1,4,5,6	0
14524	5	1	4	0,1,2,4,5	0
14534	4	1	2	0,1,5,6,7	0
14526	3	1	2	0,1,2,4,7	0
14535	5	1	4	1,2,0,5,6	0
14553	4	1	3	0,1,5,6,7	0
14471	5	1	5	1,2,0,4,5	0
14558	4	1	3	0,2,1,4,7	0
14574	3	1	2	0,1,3,4,5	0
14579	4	1	2	1,2,0,3,5	0
14599	5	1	5	0,4,1,2,3	0
14606	5	1	4	0,2,1,4,5	0
14347	3	1	3	0,1,2,5,6	0
14617	7	1	5	2,3,0,1,5	1
14619	6	1	5	5,6,0,1,2	1
14653	6	1	5	0,1,3,4,5	1
14487	6	1	5	1,2,0,4,5	1
14666	5	1	3	4,5,0,1,2	0
14671	6	1	4	0,1,3,4,5	1
14680	5	1	4	0,1,2,4,5	0
14654	6	1	3	0,3,1,2,4	1
14689	3	1	2	0,1,2,4,5	0
14687	4	1	4	0,1,2,4,5	0
14699	3	1	2	0,2,1,4,5	0
14708	2	1	1	0,1,2,4,5	0
14712	6	1	5	0,3,1,2,5	1
14691	5	1	4	0,1,4,5,7	0
14730	4	1	2	0,3,1,2,6	0
14746	1	1	0	0,3,1,2,5	0
14741	5	1	3	1,3,0,2,5	0
14751	2	1	2	1,2,0,3,5	0
14752	2	1	2	0,3,1,2,4	0
14753	3	1	2	0,1,2,4,7	0
14754	2	1	1	2,3,0,1,6	0
14766	5	1	4	1,2,0,3,6	0
14759	6	1	4	0,1,2,3,5	1
14768	0	1	0	0,5,1,2,3	0
14556	2	1	1	0,1,2,6,7	0
14786	6	1	4	0,1,3,4,5	1
14793	5	1	4	0,3,1,2,5	0
14794	3	1	1	0,1,4,5,6	0
14796	5	1	4	1,2,0,4,5	0
14797	4	1	3	0,1,4,5,6	0
14798	5	1	4	1,2,0,4,5	0
14799	5	1	5	0,3,1,2,5	0
14810	4	1	3	0,1,3,4,5	0
14800	4	1	3	1,2,0,4,5	0
14811	5	1	4	0,1,2,3,4	0
14812	4	1	3	0,1,2,4,5	0
14815	6	1	4	0,1,3,4,5	1
14820	6	1	5	0,2,1,4,5	1
14822	6	1	5	1,2,0,3,4	1
14823	6	1	5	0,3,1,2,5	1
14785	6	1	5	0,3,1,2,5	1
14825	4	1	2	0,1,2,3,4	0
14542	7	1	5	0,2,1,5,6	1
14829	6	1	5	3,4,0,1,2	1
14830	5	1	4	0,3,1,2,5	0
14850	5	1	3	0,1,3,4,5	0
14851	5	1	3	0,1,3,4,5	0
14853	5	1	3	0,3,1,2,4	0
14857	4	1	2	1,2,0,3,4	0
14860	4	1	3	0,1,4,5,6	0
14824	6	1	5	0,1,3,4,5	1
14861	6	1	4	1,2,0,3,5	1
14869	3	1	2	0,3,1,2,5	0
14878	5	1	4	3,4,0,1,2	0
14879	3	1	2	0,3,1,2,5	0
14886	6	1	4	1,2,0,3,4	1
14881	1	1	1	0,1,2,4,6	0
14897	4	1	3	0,3,1,2,4	0
14900	5	1	4	0,1,2,3,5	0
14903	5	1	4	0,3,1,2,6	0
14906	6	1	5	0,2,1,4,5	1
14913	4	1	3	0,1,2,5,6	0
14915	4	1	3	0,1,2,5,6	0
14917	4	1	3	0,1,2,5,6	0
14925	5	1	4	0,1,2,5,6	0
14926	5	1	5	1,2,0,3,4	0
14927	4	1	4	0,1,2,5,6	0
14931	6	1	5	0,1,2,3,4	1
14936	5	1	4	2,3,0,1,5	0
14942	4	1	3	0,3,1,2,5	0
14947	5	1	4	0,1,2,5,6	0
14813	5	1	4	0,1,2,3,4	0
14956	4	1	3	0,2,1,4,5	0
14958	4	1	3	3,4,0,1,2	0
14961	5	1	4	0,1,2,3,5	0
14974	2	1	1	0,1,4,5,6	0
14858	7	1	5	1,6,0,2,9	1
14975	5	1	5	0,3,1,2,6	0
14984	6	1	5	1,2,0,3,5	1
14985	5	1	4	1,4,0,2,3	0
14986	5	1	3	0,3,1,2,4	0
14988	7	1	5	0,1,2,3,6	1
14992	4	1	3	0,1,2,4,6	0
14989	2	1	1	0,1,3,5,6	0
15021	6	1	4	0,4,1,2,3	1
15028	5	1	4	1,2,0,4,5	0
15034	4	1	3	0,1,2,5,7	0
15036	5	1	3	0,3,1,2,5	0
15052	6	1	5	0,1,3,4,5	1
14955	5	1	5	0,1,2,4,5	0
15054	6	1	4	0,3,1,2,6	1
15055	5	1	4	0,1,3,4,5	0
14023	2	1	1	1,2,0,4,5	0
15058	5	1	3	0,3,1,2,4	0
15069	6	1	4	0,3,1,2,6	1
15079	3	1	2	0,2,1,3,5	0
15075	5	1	4	0,1,3,4,6	0
15084	4	1	3	1,2,0,3,4	0
15089	4	1	3	0,1,2,4,6	0
15096	3	1	2	0,1,2,3,6	0
14377	6	1	5	0,1,2,3,5	1
15104	4	1	4	0,1,2,5,6	0
15105	6	1	5	0,1,2,6,7	1
15108	5	1	3	0,1,3,5,6	0
15109	5	1	5	1,2,0,3,5	0
14901	5	1	4	0,1,3,4,5	0
15111	4	1	3	0,1,3,5,6	0
15051	4	1	3	0,3,1,2,6	0
15113	4	1	2	0,1,3,5,6	0
15114	5	1	3	0,1,2,5,6	0
15115	4	1	2	0,1,3,6,7	0
15116	5	1	4	1,2,0,3,6	0
15118	4	1	3	0,1,3,5,6	0
15119	5	1	4	1,2,0,3,6	0
15120	4	1	3	0,1,2,3,6	0
15112	5	1	4	0,1,2,5,6	0
15126	5	1	5	0,1,2,3,6	0
15132	6	1	5	0,1,3,4,5	1
15127	4	1	4	0,1,2,4,6	0
15138	5	1	4	0,2,1,4,5	0
15144	4	1	3	0,1,2,4,5	0
15139	4	1	3	0,1,2,4,5	0
15146	3	1	2	0,1,4,5,6	0
15147	5	1	4	0,1,4,5,6	0
15151	4	1	4	0,1,4,5,7	0
15154	4	1	4	0,2,1,4,5	0
15157	2	1	1	2,3,0,1,4	0
15153	4	1	3	0,1,4,5,6	0
15164	3	1	1	0,2,1,4,5	0
15110	4	1	2	0,1,3,5,6	0
15172	4	1	3	1,4,0,2,3	0
15169	3	1	2	0,1,4,5,6	0
15189	4	1	2	0,1,5,6,7	0
15183	4	1	2	0,2,1,5,6	0
15197	7	1	5	0,3,1,6,7	1
15200	2	1	2	0,2,1,5,6	0
15203	4	1	3	0,1,2,3,5	0
15206	5	1	4	0,1,2,5,6	0
15210	5	1	3	0,2,1,5,6	0
14032	5	1	4	1,3,0,2,5	0
15167	3	1	2	0,1,4,6,7	0
15213	4	1	3	0,1,5,6,7	0
15219	6	1	5	0,1,2,4,5	1
15211	4	1	3	0,1,5,6,7	0
15221	5	1	3	0,1,4,5,6	0
15225	6	1	5	0,1,2,4,5	1
15229	6	1	5	5,7,0,1,2	1
15230	2	1	1	0,1,2,4,5	0
15227	5	1	3	0,1,2,4,5	0
15236	3	1	3	0,1,2,4,7	0
15240	5	1	3	0,1,3,4,5	0
15241	4	1	3	0,1,2,5,6	0
15244	4	1	4	0,1,2,4,5	0
15242	5	1	3	0,1,3,4,5	0
15246	6	1	5	0,1,2,5,6	1
15248	3	1	3	0,1,4,5,6	0
15247	3	1	1	0,1,2,5,6	0
15249	5	1	4	0,7,1,2,3	0
15254	4	1	3	0,1,2,5,6	0
15257	3	1	2	0,1,2,5,6	0
15267	3	1	3	0,1,2,4,5	0
15261	7	1	5	0,1,2,5,8	1
15272	5	1	4	0,1,2,5,6	0
15053	6	1	5	0,3,1,2,8	1
15199	5	1	4	0,1,2,4,5	0
15283	5	1	5	0,1,2,4,5	0
15307	4	1	2	0,1,4,5,6	0
15311	5	1	4	0,1,2,4,5	0
15312	4	1	3	0,1,4,5,6	0
15316	5	1	3	0,3,1,2,4	0
15317	5	1	4	0,1,2,4,5	0
15282	5	1	4	0,1,2,5,6	0
15322	3	1	3	0,1,4,5,6	0
15324	3	1	2	0,1,4,5,6	0
15327	3	1	2	0,1,4,6,7	0
15328	4	1	3	0,1,4,5,6	0
15333	3	1	3	0,1,4,5,6	0
15335	3	1	3	0,1,4,5,7	0
15336	3	1	3	0,1,4,5,6	0
15280	4	1	3	0,1,5,6,7	0
15350	4	1	2	0,1,5,6,7	0
15351	4	1	4	0,1,4,6,7	0
15345	3	1	3	0,2,1,4,6	0
15357	4	1	3	0,1,5,6,7	0
15352	3	1	3	0,2,1,5,6	0
15381	6	1	5	0,1,3,4,5	1
15385	4	1	2	0,2,1,3,5	0
15390	4	1	3	0,1,3,4,5	0
15371	3	1	2	0,1,3,4,5	0
15396	3	1	2	0,1,4,5,6	0
15411	5	1	4	0,1,3,4,5	0
15416	6	1	4	0,1,3,4,5	1
15392	4	1	3	0,1,3,4,5	0
15424	5	1	5	0,1,2,3,4	0
15446	5	1	4	0,2,1,3,4	0
15451	5	1	3	0,1,2,3,4	0
15459	4	1	2	1,2,0,3,4	0
15477	6	1	4	0,1,3,4,5	1
15481	5	1	5	1,2,0,3,5	0
15419	4	1	4	0,1,3,4,5	0
15493	5	1	4	0,2,1,3,4	0
15508	3	1	1	0,1,3,4,5	0
15521	1	1	0	0,1,4,5,6	0
15212	5	1	5	0,1,2,5,6	0
15528	4	1	2	0,1,3,4,6	0
15558	6	1	5	0,1,2,4,5	1
15538	5	1	5	0,1,2,3,4	0
15564	5	1	4	0,1,3,4,5	0
15567	5	1	5	0,1,2,3,4	0
15573	5	1	5	0,1,2,3,4	0
15580	6	1	5	1,2,0,3,5	1
15593	5	1	4	0,4,1,2,3	0
15607	6	1	5	1,2,0,3,4	1
15613	4	1	3	0,2,1,3,4	0
15618	4	1	2	1,2,0,3,4	0
15619	5	1	3	1,2,0,3,4	0
15483	6	1	5	1,2,0,4,5	1
15638	5	1	5	1,2,0,3,4	0
15643	5	1	4	1,2,0,3,4	0
15653	4	1	2	1,2,0,3,5	0
15664	5	1	5	0,4,1,2,3	0
15670	5	1	4	0,2,1,3,4	0
15678	6	1	3	0,1,3,4,5	1
15684	4	1	3	0,2,1,3,5	0
15688	2	1	2	1,4,0,2,3	0
14615	6	1	5	0,1,3,4,5	1
15732	4	1	3	0,4,1,2,3	0
15704	5	1	4	0,1,2,4,5	0
15733	5	1	4	2,4,0,1,3	0
15757	3	1	2	1,2,0,4,5	0
15736	3	1	2	0,1,2,3,5	0
15774	3	1	2	0,1,4,5,6	0
15781	5	1	4	0,1,3,4,5	0
15799	1	1	1	0,1,3,5,6	0
15819	3	1	2	0,3,1,2,4	0
15807	6	1	5	1,2,0,3,5	1
15837	4	1	3	1,3,0,2,5	0
15836	6	1	4	0,1,3,4,5	1
15847	6	1	4	1,2,0,3,4	1
15845	5	1	3	1,2,0,3,4	0
15880	5	1	4	0,1,3,4,6	0
15895	3	1	2	1,2,0,3,4	0
15884	6	1	5	0,3,1,2,6	1
15918	5	1	4	0,1,3,4,6	0
15920	4	1	3	0,3,1,2,6	0
15926	6	1	5	0,1,3,4,6	1
15949	5	1	3	2,3,0,1,5	0
15637	6	1	4	0,2,1,4,6	1
15963	6	1	4	0,2,1,4,5	1
15971	5	1	5	1,4,0,2,3	0
15974	3	1	2	0,2,1,3,6	0
15976	4	1	3	0,1,3,4,6	0
15980	6	1	5	0,1,3,6,8	1
15975	6	1	5	0,1,3,4,6	1
15985	3	1	3	0,1,3,4,6	0
16009	6	1	5	0,1,2,4,5	1
16012	3	1	2	1,2,0,4,5	0
16013	5	1	2	0,1,3,4,6	0
16033	5	1	5	1,2,0,3,4	0
16038	5	1	4	0,2,1,3,4	0
16037	6	1	5	0,1,2,4,5	1
16040	4	1	3	1,2,0,3,4	0
16056	5	1	3	0,3,1,2,6	0
16053	1	1	1	0,1,4,5,6	0
16057	4	1	3	0,2,1,3,4	0
16067	5	1	4	0,5,1,2,3	0
16068	4	1	3	1,2,0,3,4	0
16070	2	1	1	0,2,1,3,4	0
16072	5	1	3	0,4,1,2,3	0
16073	3	1	1	0,1,3,5,6	0
16077	5	1	5	0,1,3,4,5	0
16078	7	1	4	0,1,3,5,6	1
16079	3	1	2	0,1,2,3,4	0
16082	6	1	5	0,1,2,4,5	1
16113	5	1	4	0,3,1,2,4	0
16109	6	1	4	1,2,0,5,6	1
16115	4	1	2	1,2,0,5,6	0
16123	6	1	4	1,2,0,3,5	1
16130	4	1	3	1,2,0,3,5	0
15934	2	1	2	0,1,3,4,6	0
16132	3	1	2	0,1,3,5,6	0
16133	1	1	1	0,3,1,2,4	0
16140	6	1	4	0,3,1,2,4	1
16138	3	1	2	0,1,3,6,7	0
16146	5	1	3	1,2,0,3,5	0
16149	4	1	4	0,1,3,4,5	0
16166	4	1	2	1,2,0,3,4	0
16148	5	1	4	1,2,0,3,7	0
16173	5	1	4	2,3,0,1,7	0
16186	6	1	5	0,1,3,4,6	1
16188	5	1	3	0,1,3,6,7	0
16192	5	1	4	0,1,3,4,6	0
16197	4	1	2	0,1,3,5,7	0
16198	6	1	4	0,2,1,4,5	1
16200	3	1	3	0,1,3,5,7	0
16126	6	1	4	0,1,3,5,6	1
16201	4	1	3	0,1,3,6,7	0
16202	3	1	3	0,1,3,5,6	0
16209	5	1	3	0,1,4,5,6	0
16215	5	1	5	1,2,0,4,5	0
16253	4	1	4	1,2,0,3,4	0
16193	5	1	4	0,1,2,3,4	0
16257	5	1	3	0,1,3,4,6	0
16292	3	1	3	1,2,0,5,6	0
16303	4	1	2	1,2,0,3,5	0
15086	2	1	1	0,2,1,5,6	0
16340	5	1	3	0,1,4,5,6	0
16344	5	1	5	0,1,3,5,6	0
16317	5	1	4	0,2,1,5,6	0
16366	4	1	3	1,2,0,4,5	0
15320	3	1	2	0,1,4,5,6	0
15101	3	1	1	0,1,2,5,6	0
16384	5	1	4	0,3,1,2,5	0
15570	7	1	5	1,2,0,4,5	1
16405	5	1	4	0,1,2,3,5	0
16411	5	1	4	0,1,3,4,5	0
16349	5	1	4	1,2,0,4,5	0
16427	5	1	5	0,1,3,4,5	0
16441	3	1	3	0,2,1,3,4	0
16446	5	1	4	0,1,3,4,5	0
16418	6	1	5	1,2,0,4,5	1
16452	3	1	2	1,2,0,5,7	0
16449	4	1	4	0,3,1,2,5	0
16454	6	1	5	1,2,0,5,7	1
16371	7	1	5	0,1,2,3,5	1
16484	4	1	3	0,7,1,2,3	0
16506	3	1	2	0,1,4,5,6	0
16455	3	1	3	1,2,0,3,6	0
16520	3	1	2	0,4,1,2,3	0
16532	4	1	3	0,1,3,6,7	0
16240	4	1	3	0,1,4,5,6	0
16539	5	1	3	0,1,4,5,6	0
16541	4	1	3	3,4,0,1,2	0
16546	6	1	5	0,2,1,4,5	1
16555	6	1	5	0,3,1,2,4	1
16559	1	1	1	0,1,4,5,6	0
16571	6	1	5	0,3,1,2,4	1
16572	6	1	5	1,2,0,3,4	1
16573	4	1	4	3,4,0,1,2	0
16574	6	1	5	0,3,1,2,4	1
16586	4	1	3	0,3,1,2,5	0
16620	5	1	4	0,1,3,4,5	0
16621	4	1	4	1,2,0,3,5	0
16625	4	1	3	0,1,4,5,6	0
16627	5	1	4	0,1,4,5,6	0
16628	3	1	1	0,1,4,5,6	0
16630	5	1	3	0,2,1,4,5	0
16632	4	1	2	0,1,4,5,6	0
16633	4	1	2	0,1,4,5,6	0
16634	3	1	1	0,1,4,5,6	0
16635	5	1	4	0,2,1,4,5	0
16551	6	1	4	0,1,2,3,5	1
16638	3	1	2	0,2,1,4,5	0
16524	5	1	4	0,1,3,5,6	0
16254	6	1	3	1,2,0,4,5	1
16640	6	1	5	0,1,4,5,6	1
16646	4	1	3	0,1,4,5,6	0
16644	3	1	1	0,1,4,5,6	0
16649	5	1	3	1,2,0,4,5	0
16651	5	1	4	0,2,1,4,5	0
16653	6	1	4	1,2,0,5,6	1
16658	2	1	2	0,1,5,6,7	0
16664	4	1	4	0,1,4,5,6	0
16650	3	1	2	0,1,4,5,6	0
16666	3	1	2	0,1,5,6,7	0
16400	6	1	4	2,4,0,1,3	1
16671	5	1	4	0,2,1,4,5	0
16672	5	1	4	0,1,4,5,6	0
16698	4	1	3	1,2,0,3,4	0
16704	4	1	3	0,1,4,5,6	0
16678	5	1	4	0,1,4,5,6	0
16552	5	1	4	1,2,0,4,5	0
16453	2	1	1	0,1,5,6,7	0
16708	5	1	5	0,1,2,4,5	0
16709	5	1	4	0,1,3,4,5	0
16750	4	1	2	2,4,0,1,3	0
16738	5	1	5	0,1,2,4,5	0
16752	6	1	4	0,2,1,3,4	1
16751	5	1	4	0,1,3,4,5	0
16755	3	1	1	0,1,2,3,4	0
15271	4	1	3	0,1,3,4,5	0
16707	5	1	4	0,1,3,4,5	0
16769	5	1	3	0,1,3,4,5	0
16767	4	1	3	0,1,3,4,5	0
16782	5	1	3	0,2,1,3,5	0
16785	3	1	2	0,3,1,2,5	0
16803	6	1	5	0,1,2,3,4	1
16790	5	1	4	0,2,1,3,4	0
16816	4	1	3	0,2,1,3,4	0
16828	4	1	2	0,2,1,4,5	0
16830	5	1	4	0,1,3,4,6	0
16758	7	1	5	5,6,0,1,2	1
16844	4	1	4	0,1,2,3,4	0
16847	4	1	3	0,1,3,4,6	0
16754	3	1	2	0,1,3,4,5	0
16848	2	1	1	0,2,1,4,5	0
16851	2	1	2	0,1,3,4,6	0
16852	2	1	2	0,1,4,5,6	0
16858	2	1	2	0,2,1,3,4	0
16860	5	1	4	0,1,2,4,5	0
16867	5	1	4	0,1,3,4,5	0
16836	5	1	4	0,1,3,4,6	0
16871	5	1	4	0,1,2,3,4	0
16874	4	1	3	0,1,2,3,5	0
16881	4	1	4	3,4,0,1,2	0
16899	4	1	2	0,2,1,4,5	0
16900	4	1	3	0,2,1,4,5	0
16883	2	1	1	0,1,3,5,6	0
16913	5	1	3	2,5,0,1,3	0
16917	5	1	4	0,2,1,4,5	0
16927	4	1	3	0,1,3,4,6	0
16929	2	1	1	0,2,1,4,7	0
16930	1	1	0	0,1,2,3,4	0
16931	6	1	5	0,2,1,4,5	1
16859	2	1	2	0,1,3,4,6	0
16886	2	1	1	0,1,3,6,7	0
16909	5	1	3	0,1,4,5,6	0
16939	4	1	3	1,6,0,2,3	0
16940	4	1	2	0,1,3,5,6	0
16944	3	1	2	0,1,3,4,5	0
16948	4	1	2	0,2,1,5,6	0
16953	3	1	3	0,1,3,4,5	0
16955	4	1	3	0,1,5,6,7	0
16956	5	1	5	0,1,2,3,4	0
16957	3	1	2	0,1,3,5,6	0
16959	1	1	1	0,2,1,5,6	0
16962	3	1	1	0,2,1,5,7	0
16967	4	1	3	0,1,4,5,6	0
16933	4	1	4	0,2,1,5,6	0
16973	6	1	4	0,2,1,3,4	1
16974	5	1	5	0,1,4,5,6	0
16977	4	1	3	0,1,3,4,5	0
16988	5	1	4	0,2,1,3,4	0
16997	3	1	1	0,1,2,4,6	0
17014	4	1	2	0,1,3,4,5	0
17026	6	1	4	0,2,1,4,5	1
17027	5	1	4	0,1,4,5,6	0
17030	5	1	4	0,2,1,4,5	0
16972	6	1	5	0,1,3,4,5	1
17036	3	1	2	1,2,0,4,5	0
17037	5	1	4	0,2,1,4,5	0
17040	6	1	5	0,1,4,5,6	1
17043	5	1	4	0,2,1,4,5	0
16891	5	1	3	0,2,1,3,5	0
17058	2	1	2	0,1,5,6,7	0
17072	5	1	5	0,2,1,4,6	0
17085	6	1	5	0,2,1,4,5	1
17086	5	1	3	0,2,1,5,7	0
17057	5	1	4	0,1,4,5,7	0
17087	4	1	2	0,2,1,4,7	0
16637	3	1	2	0,1,4,5,6	0
17091	4	1	3	0,2,1,4,6	0
16842	5	1	3	0,2,1,4,5	0
16667	5	1	4	0,1,5,6,7	0
17101	3	1	3	1,2,0,3,4	0
17104	5	1	3	0,2,1,4,5	0
17090	4	1	3	0,2,1,3,5	0
17111	4	1	2	0,1,5,6,7	0
17144	6	1	4	1,2,0,4,5	1
17145	6	1	5	0,1,3,4,5	1
17155	5	1	4	1,2,0,3,4	0
17158	5	1	4	0,3,1,2,4	0
17159	4	1	2	0,1,3,4,5	0
17089	5	1	4	2,4,0,1,3	0
17171	3	1	2	0,1,3,4,5	0
17172	3	1	2	0,1,3,4,5	0
17181	5	1	3	0,2,1,3,4	0
17184	3	1	3	0,1,3,4,5	0
17189	4	1	4	0,1,3,5,7	0
17034	4	1	2	0,1,4,5,6	0
17200	2	1	2	0,2,1,3,4	0
17203	6	1	4	0,1,3,5,6	1
17205	3	1	2	0,1,3,4,5	0
17206	4	1	3	0,1,3,4,5	0
17207	3	1	1	0,1,3,4,5	0
17212	6	1	3	0,2,1,3,4	1
17221	3	1	2	0,1,3,5,6	0
17223	3	1	2	0,1,3,5,6	0
17224	3	1	2	0,1,3,5,6	0
17231	5	1	3	0,1,3,4,6	0
17166	5	1	4	0,1,3,4,5	0
17240	3	1	2	0,1,4,5,6	0
17241	4	1	2	0,1,4,5,6	0
17244	2	1	2	0,1,4,5,6	0
17256	3	1	3	0,1,4,5,6	0
17248	3	1	3	0,1,3,4,6	0
17238	3	1	2	0,1,3,4,5	0
17277	6	1	4	0,1,3,4,5	1
17278	5	1	4	0,1,3,4,5	0
17280	5	1	4	0,1,4,5,6	0
17285	4	1	2	0,2,1,5,6	0
17198	6	1	5	0,1,3,4,7	1
17296	5	1	5	0,1,4,5,6	0
17352	2	1	2	0,1,3,4,5	0
16936	5	1	4	0,2,1,4,6	0
17368	4	1	2	2,3,0,1,5	0
17396	5	1	3	0,2,1,4,5	0
17401	5	1	4	0,2,1,4,5	0
17372	4	1	2	0,7,1,2,3	0
17402	5	1	3	0,1,2,3,4	0
17408	6	1	5	0,1,3,4,5	1
17412	6	1	5	0,4,1,2,3	1
17414	5	1	5	2,3,0,1,4	0
17273	3	1	2	0,1,3,4,5	0
17427	6	1	5	0,1,3,4,5	1
17430	5	1	4	0,1,2,4,5	0
17431	4	1	3	0,3,1,2,5	0
17433	6	1	5	0,2,1,4,5	1
17435	3	1	2	0,1,4,5,6	0
17268	6	1	5	0,1,4,5,6	1
17463	5	1	3	1,5,0,2,3	0
17289	5	1	4	0,1,3,4,5	0
17467	5	1	3	0,1,2,3,4	0
17409	6	1	4	0,3,1,2,5	1
17480	3	1	2	0,1,3,4,5	0
17468	5	1	4	0,1,2,3,4	0
17490	5	1	4	1,5,0,2,3	0
17488	3	1	2	0,1,2,3,4	0
17507	4	1	3	5,6,0,1,2	0
17517	5	1	4	0,4,1,2,3	0
17466	5	1	4	1,3,0,2,5	0
17527	4	1	3	0,1,2,3,5	0
17541	3	1	2	0,1,3,4,5	0
17554	6	1	4	0,3,1,2,4	1
17555	5	1	4	1,3,0,2,4	0
17562	4	1	2	0,1,2,3,4	0
17578	4	1	3	0,1,2,3,4	0
17579	3	1	2	0,4,1,2,3	0
17582	5	1	5	0,1,3,4,5	0
17599	6	1	3	0,1,3,4,5	1
17602	2	1	2	0,1,3,4,5	0
17603	4	1	4	2,5,0,1,3	0
17606	5	1	3	0,2,1,3,5	0
17614	5	1	3	0,1,2,3,4	0
17629	6	1	4	0,1,3,4,5	1
17631	5	1	3	0,1,2,3,4	0
17634	6	1	5	0,1,2,3,4	1
17635	5	1	5	2,3,0,1,5	0
17639	5	1	4	2,5,0,1,3	0
17640	6	1	5	0,1,3,4,7	1
17651	5	1	5	0,4,1,2,3	0
17522	4	1	2	0,1,3,4,5	0
17652	5	1	5	1,4,0,2,3	0
17658	5	1	4	4,5,0,1,2	0
17662	5	1	4	2,5,0,1,3	0
17669	5	1	4	0,1,2,3,5	0
17670	4	1	3	0,1,3,4,5	0
17594	5	1	3	0,1,2,3,4	0
17462	5	1	3	0,1,4,5,6	0
17685	5	1	4	0,1,3,4,5	0
17686	5	1	4	0,1,2,3,4	0
17687	4	1	3	0,1,3,4,5	0
17690	5	1	4	1,3,0,2,5	0
17697	6	1	4	0,6,1,2,3	1
17702	5	1	3	1,3,0,2,5	0
17703	5	1	3	0,1,3,4,5	0
17698	4	1	3	0,1,2,3,5	0
17715	3	1	2	1,2,0,3,5	0
17720	4	1	1	0,2,1,3,5	0
17733	4	1	3	0,1,2,4,5	0
17737	4	1	2	0,1,3,4,5	0
17734	5	1	4	0,1,2,3,4	0
17740	5	1	4	0,1,3,5,6	0
17747	4	1	3	0,1,3,4,5	0
17751	3	1	2	0,3,1,2,4	0
17752	5	1	3	0,1,3,4,5	0
17693	5	1	4	2,3,0,1,5	0
17761	5	1	3	3,5,0,1,2	0
17768	5	1	3	0,1,3,4,5	0
17771	5	1	2	0,1,3,4,6	0
17773	3	1	2	0,1,2,3,4	0
17772	3	1	2	1,2,0,4,5	0
17786	3	1	2	2,5,0,1,3	0
17781	4	1	3	0,1,2,3,4	0
17787	5	1	4	0,1,3,4,5	0
17792	1	1	0	0,1,4,5,7	0
17796	5	1	3	0,3,1,2,5	0
17798	5	1	4	0,1,2,3,4	0
17799	5	1	3	0,1,3,4,5	0
17801	5	1	3	0,2,1,3,4	0
17797	5	1	3	0,1,2,4,5	0
17802	4	1	2	0,1,2,3,4	0
17418	5	1	3	5,6,0,1,2	0
17803	5	1	3	0,1,2,3,4	0
17809	5	1	4	0,2,1,3,6	0
17810	4	1	3	0,1,2,3,5	0
17818	4	1	2	2,3,0,1,6	0
17822	5	1	3	0,1,2,3,4	0
17829	5	1	4	0,1,2,4,5	0
17843	4	1	3	2,3,0,1,4	0
17850	4	1	2	0,1,3,4,5	0
17837	4	1	3	0,1,2,3,4	0
17857	4	1	2	0,1,2,3,6	0
17871	2	1	2	0,1,4,6,7	0
17874	1	1	1	0,1,3,4,6	0
17867	6	1	4	0,1,3,4,6	1
17875	5	1	2	0,1,3,5,6	0
17877	2	1	2	0,1,3,4,6	0
17764	4	1	3	0,1,2,3,4	0
17885	5	1	3	0,1,2,3,4	0
17888	5	1	3	0,1,2,3,4	0
17887	5	1	3	0,1,2,3,4	0
17892	3	1	1	0,1,2,3,4	0
17893	5	1	2	0,1,2,3,5	0
17889	4	1	3	0,1,3,4,5	0
17901	5	1	3	0,1,2,3,7	0
17897	4	1	3	1,2,0,3,5	0
17902	4	1	4	0,1,3,4,5	0
17905	4	1	3	2,3,0,1,4	0
17906	5	1	3	0,1,2,3,4	0
17904	5	1	4	0,1,2,4,6	0
17883	3	1	2	0,1,2,3,4	0
17099	4	1	2	0,1,4,6,7	0
17914	5	1	4	0,1,3,4,7	0
17917	3	1	2	0,2,1,4,6	0
17927	5	1	3	0,1,2,4,5	0
17932	4	1	2	0,1,2,3,5	0
17933	3	1	2	1,2,0,4,5	0
17918	5	1	3	0,1,3,4,6	0
17939	5	1	3	0,1,2,5,6	0
17947	4	1	2	0,1,2,3,4	0
17936	3	1	2	0,1,2,4,5	0
17958	5	1	4	0,1,2,4,5	0
17963	4	1	4	0,1,3,4,6	0
17967	4	1	3	1,2,0,4,6	0
17969	5	1	4	0,1,2,5,7	0
17806	3	1	2	0,4,1,2,3	0
17970	4	1	4	0,1,3,4,6	0
17979	5	1	3	0,1,2,3,4	0
17980	5	1	2	0,1,4,5,6	0
17986	4	1	3	0,2,1,4,5	0
17988	6	1	5	1,2,0,3,7	1
17989	3	1	3	0,1,2,3,5	0
17991	5	1	5	0,2,1,3,6	0
17995	4	1	3	0,1,2,4,5	0
17996	5	1	3	0,5,1,2,3	0
17997	5	1	5	0,2,1,3,7	0
17998	2	1	1	0,1,3,4,7	0
17966	4	1	3	0,1,2,3,4	0
18006	5	1	3	0,1,2,3,4	0
18000	5	1	4	0,2,1,3,7	0
18008	5	1	4	0,1,2,3,4	0
18015	3	1	3	0,1,3,4,6	0
18019	2	1	2	0,1,3,5,6	0
18022	5	1	4	0,1,2,3,5	0
18023	3	1	2	0,1,2,3,5	0
17912	5	1	4	1,2,0,3,5	0
18029	5	1	4	0,1,2,4,5	0
18036	5	1	4	0,1,3,5,6	0
18040	2	1	2	0,1,2,6,7	0
18046	3	1	3	0,1,2,3,5	0
18028	4	1	2	0,1,3,4,5	0
18050	4	1	2	0,1,2,3,6	0
18051	6	1	5	0,1,2,3,6	1
18053	4	1	4	0,1,2,3,6	0
18054	5	1	4	0,1,2,4,6	0
17911	4	1	3	0,1,3,4,6	0
18062	4	1	4	0,1,3,4,5	0
18059	5	1	5	0,1,2,3,7	0
18065	4	1	3	0,1,3,4,6	0
18066	6	1	5	0,1,2,5,6	1
18067	4	1	3	0,1,2,6,7	0
18047	3	1	2	0,1,2,3,7	0
18073	5	1	4	0,1,3,4,5	0
18078	6	1	5	1,2,0,3,7	1
18079	6	1	4	1,6,0,2,3	1
18081	4	1	3	0,1,3,5,6	0
18082	5	1	3	1,2,0,4,5	0
18071	4	1	3	0,1,3,5,6	0
18087	5	1	2	0,1,2,3,5	0
18097	5	1	3	0,1,3,5,6	0
18083	5	1	4	0,1,3,4,5	0
18098	6	1	3	0,1,3,5,6	1
18099	5	1	4	0,1,2,5,6	0
18070	3	1	3	0,1,3,5,6	0
18109	4	1	3	0,1,3,4,6	0
18110	2	1	2	0,1,3,6,7	0
18112	3	1	2	0,1,2,4,6	0
18117	4	1	2	0,1,3,5,6	0
18114	6	1	4	0,1,3,4,5	1
18121	4	1	3	0,1,3,5,6	0
18122	4	1	3	0,1,2,3,5	0
18124	4	1	4	0,1,3,5,7	0
18127	6	1	5	2,3,0,1,6	1
18154	4	1	2	0,1,3,4,5	0
18160	5	1	4	0,1,3,4,5	0
18111	5	1	4	2,3,0,1,4	0
18162	5	1	3	1,3,0,2,4	0
18167	4	1	4	2,3,0,1,4	0
18166	3	1	2	0,1,2,4,5	0
18168	2	1	1	0,1,3,4,5	0
18184	4	1	3	0,1,2,3,4	0
18187	4	1	3	0,1,2,3,4	0
18192	6	1	4	0,2,1,5,7	1
18193	3	1	2	0,1,2,3,4	0
18205	3	1	2	0,1,3,6,7	0
18207	4	1	3	0,1,3,4,6	0
18194	1	1	0	0,1,3,4,5	0
18212	4	1	4	0,1,2,3,4	0
18213	5	1	4	2,3,0,1,4	0
18215	6	1	5	0,1,3,5,6	1
18221	3	1	2	0,1,3,5,6	0
18229	4	1	3	0,2,1,4,6	0
18238	4	1	3	0,2,1,5,7	0
18248	5	1	3	0,1,4,5,6	0
18254	2	1	2	0,1,3,4,7	0
18252	3	1	2	0,1,2,5,6	0
18260	4	1	3	0,1,2,4,7	0
18261	5	1	4	0,1,2,4,6	0
17513	4	1	3	0,1,2,3,4	0
18263	5	1	3	2,3,0,1,6	0
18265	4	1	3	0,1,5,6,7	0
18295	4	1	3	0,1,5,6,7	0
18301	4	1	3	0,1,2,5,6	0
18292	3	1	2	0,1,4,5,6	0
18302	5	1	4	1,2,0,5,6	0
18303	4	1	2	0,1,5,6,7	0
18310	4	1	3	0,1,4,5,6	0
18262	4	1	3	0,1,3,4,6	0
18316	4	1	4	0,1,2,4,6	0
18315	3	1	2	0,1,2,4,5	0
18327	4	1	3	0,1,4,5,6	0
18157	1	1	1	0,1,2,3,4	0
18326	4	1	3	0,1,2,4,6	0
18331	3	1	2	0,1,3,5,6	0
18344	5	1	4	0,1,2,4,6	0
18347	4	1	3	0,1,4,5,6	0
18341	4	1	3	0,1,4,5,6	0
18372	6	1	4	0,1,4,5,6	1
18374	4	1	4	0,1,3,4,5	0
18329	4	1	3	0,1,2,4,6	0
18393	3	1	2	1,4,0,2,3	0
18396	3	1	2	0,1,3,4,5	0
18403	4	1	3	0,1,3,4,6	0
18404	5	1	4	0,1,3,4,6	0
18405	6	1	5	0,1,3,4,5	1
18406	5	1	3	0,1,3,4,5	0
18407	5	1	2	0,1,3,4,5	0
18408	6	1	4	0,1,3,4,5	1
18410	4	1	4	0,1,3,4,5	0
18412	4	1	4	0,1,3,4,5	0
18413	5	1	4	0,1,3,4,5	0
18414	5	1	3	0,6,1,2,3	0
18417	5	1	4	0,1,3,4,5	0
18418	4	1	2	0,1,2,3,4	0
18422	3	1	2	0,1,3,4,5	0
18424	5	1	5	0,1,3,4,5	0
18427	4	1	3	0,1,3,4,5	0
18429	4	1	3	0,1,3,4,6	0
18433	3	1	3	0,1,4,5,6	0
18434	4	1	2	0,1,4,6,7	0
18435	4	1	2	0,1,3,4,7	0
18440	5	1	4	0,1,3,4,7	0
18443	2	1	0	0,1,4,5,6	0
18444	3	1	0	0,1,3,4,5	0
18450	4	1	3	0,1,4,5,6	0
18452	3	1	2	0,1,3,5,6	0
18456	3	1	2	0,1,3,5,6	0
18460	4	1	4	0,1,3,5,6	0
18466	6	1	4	0,1,3,5,6	1
18467	4	1	4	0,1,3,5,6	0
18471	2	1	2	0,1,3,5,7	0
18477	5	1	4	0,1,3,4,5	0
18385	4	1	2	0,1,3,4,5	0
17110	5	1	4	0,1,4,5,6	0
18500	5	1	4	0,1,4,5,7	0
18505	2	1	2	0,1,4,5,6	0
18507	6	1	4	0,1,4,5,6	1
18485	5	1	3	0,1,4,5,6	0
18309	4	1	3	0,1,5,6,7	0
18516	4	1	3	0,1,4,5,6	0
18508	3	1	2	0,1,3,4,6	0
18530	4	1	3	0,1,4,5,6	0
18517	5	1	4	0,1,5,6,7	0
18537	5	1	3	0,1,4,5,6	0
18550	5	1	4	0,1,4,5,6	0
18593	4	1	4	0,1,3,4,5	0
18587	7	1	5	0,1,3,4,5	1
18599	4	1	3	0,1,4,5,7	0
18603	4	1	3	0,1,4,5,7	0
18612	2	1	1	0,1,2,4,5	0
18596	4	1	2	0,1,2,4,5	0
18620	3	1	3	0,1,4,5,6	0
17987	4	1	2	0,1,2,3,4	0
18495	3	1	2	0,1,4,5,6	0
18731	6	1	5	0,1,4,5,6	1
18635	5	1	5	0,1,5,6,7	0
18733	3	1	1	0,1,4,5,6	0
18737	4	1	4	1,2,0,3,5	0
18732	5	1	3	0,1,4,5,6	0
18755	2	1	2	0,1,3,4,5	0
18756	4	1	2	1,5,0,2,3	0
18762	4	1	1	0,1,3,4,5	0
18767	5	1	4	0,1,3,4,5	0
18770	5	1	3	0,1,4,5,6	0
18775	6	1	4	0,1,3,4,5	1
18783	4	1	3	0,1,3,4,5	0
18800	5	1	4	0,1,3,4,5	0
18810	5	1	3	0,1,3,5,6	0
18627	2	1	2	0,1,4,5,6	0
18825	4	1	3	0,2,1,3,4	0
18827	3	1	3	3,4,0,1,2	0
18829	4	1	3	0,1,2,3,4	0
18629	5	1	4	0,1,4,5,6	0
18841	2	1	1	0,1,4,5,6	0
18861	5	1	4	0,1,3,4,6	0
18862	3	1	2	0,1,4,5,6	0
17680	5	1	3	0,1,2,3,4	0
18871	1	1	0	0,1,3,4,5	0
18872	4	1	3	0,1,4,5,6	0
18873	5	1	3	0,2,1,3,4	0
18874	3	1	1	2,5,0,1,3	0
18868	4	1	3	0,1,4,5,7	0
18875	5	1	3	0,2,1,3,4	0
18911	2	1	1	0,1,4,6,7	0
18900	6	1	5	0,1,3,4,6	1
18913	2	1	2	0,1,3,4,6	0
18927	6	1	4	5,6,0,1,2	1
18879	5	1	3	0,1,3,4,5	0
18928	6	1	4	0,1,3,4,6	1
18931	4	1	2	0,1,3,4,5	0
18813	4	1	2	0,1,3,4,5	0
18971	5	1	3	2,3,0,1,5	0
18960	4	1	3	0,1,3,5,6	0
18973	6	1	5	0,1,3,4,7	1
18914	6	1	4	1,3,0,2,5	1
18943	5	1	4	0,1,4,5,6	0
19032	4	1	3	0,1,4,5,6	0
19026	5	1	4	0,1,4,5,6	0
19052	4	1	1	0,1,2,4,5	0
19054	5	1	4	0,2,1,3,4	0
19048	3	1	3	0,1,3,4,5	0
19056	5	1	3	0,1,3,5,6	0
19072	6	1	5	1,3,0,2,6	1
19073	6	1	5	0,1,3,4,6	1
19103	6	1	5	0,1,4,5,6	1
19112	4	1	3	0,1,5,6,7	0
19137	5	1	3	0,1,3,5,6	0
18738	5	1	5	0,1,4,5,6	0
18979	5	1	3	0,1,3,5,6	0
18007	4	1	3	0,1,3,4,5	0
18352	5	1	3	1,2,0,3,4	0
18515	5	1	4	0,1,5,6,7	0
19011	4	1	2	0,1,4,5,6	0
19076	5	1	3	0,1,5,6,7	0
