id	dG	optG_masks
401	6	29824,29888,30784,30912
1676	6	14456,14460,24448,32640
6132	6	21860,27280,27288,27328,27344,31424
10116	6	14478,25906,25910
19269	9	126,254,382,510,638,766,894,1008,1010,1012,1014,1016,1018,1020,1022,1150,2174,3198,4222,5246,6270,7182,7198,7214,7230,7246,7262,7278,7294,9200,15374,17392,23566,25584,31758
8814	7	510,5872,11112,19876,29122
9965	8	11050,11562,13004,13132,19634,19762,21204,21716,27936,27938,27944,27946,27952,27954,29376,29380,29384,29388,29392,29396,30824,30832,30840,30928,31016,31304,31792
8600	8	32256,32288,32320,32352,32384,32512,32640
19082	8	1004,1016,1020,1522,1528,1530,2540,2542,3306,3310,3314,3322,4594,4598,4972,4980,4982,4988,11434,11438,13132,19634,21332,21334,27686,27694,29254,29270,31238,31750
1292	7	6558,26208,28256,30304,31488,31872,32256,32288,32320,32352
1301	7	20064,24160,25500,32256
1352	7	22400,22404,30592,31296,31328,31776,31784,31840,31848,32512
1355	7	14456,14460,31072,32256
964	0	32512
333	0	32256
15071	0	510
132	0	31744
314	0	32256
326	0	32256
2368	1	510
264	0	32256
254	0	32256
900	2	32256
275	1	2046
108	1	31744
82	1	31744
120	2	31744
89	2	31744
398	6	29464,30848,30912
148	5	30208,30720,30848,30976,31104,31232,31744,32256
78	4	29632,31744
56	3	29440,29696,31744
15	2	30720
0	1	28672
2564	7	26268,31074
2282	7	12574,28956,31004,31104,31616,32128,32384,32640
2134	7	12604,20162,28544,28984,31032,31104,31616,32128,32640
1649	6	31856
614	6	32512
1290	6	31104,32256
