id	graph6	dG	m	L	optG_count	d_edge_critical	five_sets	good_count	bad_count	min_q	good_min_rho	good_min_delta	good_rho0	good_rho1	good_rho2	good_rho3	good_rho4	good_rho5	identities_checked
401	N?????B?pc@hrM{L^w?	6	33	11	4	0	3003	2526	477	3	0	0	1778	169	333	230	16	0	12012
1676	N????[UJ_{YIyGwY^o?	6	37	11	4	0	3003	2742	261	3	0	0	2341	316	56	27	2	0	12012
6132	N??Gp?@HKEidUShg~C?	6	34	11	6	0	3003	2722	281	3	0	0	2269	273	138	42	0	0	18018
10116	N?DB?GBLHaHDbIasUG_	6	33	11	3	0	3003	2886	117	3	0	0	2021	401	279	143	42	0	9009
19269	NsaCB`o[?^`}B{^_No?	9	45	18	35	1	3003	243	2760	5	0	0	243	0	0	0	0	0	105105
8814	N?BDCaGWYdHWLHJQBq?	7	35	13	5	1	3003	2628	375	4	0	0	2538	90	0	0	0	0	15015
9965	N?CaGgJB?csYpIyQ]E?	8	36	12	27	1	3003	321	2682	5	0	0	321	0	0	0	0	0	81081
8600	N?ACALEm\rVK^_^_No?	8	44	17	7	0	3003	243	2760	4	0	0	243	0	0	0	0	0	21021
19082	NqMC@@?PPD`UDRBwA{?	8	35	12	30	1	3003	218	2785	4	0	0	218	0	0	0	0	0	90090
1292	N????KEWOprqxa}W^K?	7	37	12	10	0	3003	1834	1169	4	0	0	1693	66	60	15	0	0	30030
1301	N????KEoXrFKNcpb^o?	7	37	12	4	0	3003	1827	1176	3	0	0	1502	109	102	114	0	0	12012
1352	N????KUFECdL}Ow[^o?	7	36	11	10	0	3003	1827	1176	4	0	0	1755	35	30	7	0	0	30030
1355	N????KWHg{ZIwYwY^o?	7	37	12	4	0	3003	1964	1039	3	0	0	1643	174	123	24	0	0	12012
964	N????B~~v}^w~o~o^w?	0	56	25	1	0	3003	3003	0	0	0	0	3003	0	0	0	0	0	3003
333	N??????~~~^{~w~w^{?	0	54	24	1	0	3003	3003	0	0	0	0	3003	0	0	0	0	0	3003
15071	NCaCCA?^z~N{^w^wN{?	0	54	23	1	0	3003	3003	0	0	0	0	3003	0	0	0	0	0	3003
132	N???????F~~}~{~{^}?	0	50	22	1	0	3003	3003	0	0	0	0	3003	0	0	0	0	0	3003
314	N??????v|~N{~w~w^{?	0	51	21	1	0	3003	3003	0	0	0	0	3003	0	0	0	0	0	3003
326	N??????z}~V{^w~w^{?	0	50	20	1	0	3003	3003	0	0	0	0	3003	0	0	0	0	0	3003
2368	N???CA?~b~N{^w^wN{?	1	49	19	1	0	3003	3003	0	0	0	0	2837	165	0	1	0	0	3003
264	N??????N|~N{zwvw^{?	0	48	18	1	0	3003	3003	0	0	0	0	3003	0	0	0	0	0	3003
254	N??????F~NN{^w~w^{?	0	47	17	1	0	3003	3003	0	0	0	0	3003	0	0	0	0	0	3003
900	N????B?Nx~F{Nw~o^w?	2	46	16	1	0	3003	3003	0	0	0	0	2675	208	120	0	0	0	3003
275	N??????_C?^{^}^}N~?	1	41	15	1	0	3003	3003	0	0	0	0	2794	165	16	28	0	0	3003
108	N???????CFn`~{~{^}?	1	41	14	1	0	3003	3003	0	0	0	0	2956	2	0	0	20	25	3003
82	N????????F~`~{~{^}?	1	41	13	1	0	3003	3003	0	0	0	0	2949	9	0	6	24	15	3003
120	N???????F?B~F}~{^}?	2	39	12	1	0	3003	3003	0	0	0	0	2509	285	27	105	77	0	3003
89	N????????N_}}B~{^}?	2	37	11	1	0	3003	3003	0	0	0	0	2746	36	1	20	100	100	3003
398	N?????B?oqBewbxM^w?	6	33	10	3	0	3003	2526	477	3	0	0	1679	347	335	153	12	0	9009
148	N???????WB@r{X~e^{?	5	34	10	8	0	3003	3003	0	2	0	0	2700	151	100	52	0	0	24024
78	N????????F_]~B~B^}?	4	34	9	2	0	3003	3003	0	2	0	0	2937	66	0	0	0	0	6006
56	N????????B_E~p~b^}?	3	33	7	3	0	3003	3003	0	0	0	0	2883	120	0	0	0	0	9009
15	N??????????F?M~p~~?	2	27	5	1	0	3003	3003	0	0	0	0	2131	18	84	420	280	70	3003
0	N???????????_^^_~~_	1	25	7	1	0	3003	3003	0	0	0	0	2508	0	0	30	240	225	3003
2564	N???EMwPiLFJMU~_^o?	7	42	15	2	0	3003	1942	1061	3	0	0	1344	24	354	102	118	0	6006
2282	N???BqFMHpNopepe^o?	7	41	14	8	0	3003	1693	1310	3	0	0	1684	9	0	0	0	0	24024
2134	N???@xaFGxVoouwe^o?	7	40	13	9	0	3003	1656	1347	3	0	0	1647	9	0	0	0	0	27027
1649	N????[MBf{^o{[{[]M?	6	44	15	1	0	3003	2511	492	2	0	0	1407	315	282	39	396	72	3003
614	N?????NBo]]F{M~o^w?	6	42	14	1	0	3003	2356	647	2	0	0	1344	252	120	80	464	96	3003
1290	N????KEQXbXplc~_^K?	6	38	13	2	0	3003	2745	258	2	0	0	2178	235	214	114	4	0	6006
