sample_index	corpus_id	graph6	saved_L	saved_d	saved_critical	selection_reasons	source
0	401	N?????B?pc@hrM{L^w?	11	6	0	explicit_requested_previous_witness	results/zero_margin_tightness/corpus.txt
1	1676	N????[UJ_{YIyGwY^o?	11	6	0	explicit_requested_previous_witness	results/zero_margin_tightness/corpus.txt
2	6132	N??Gp?@HKEidUShg~C?	11	6	0	explicit_requested_previous_witness	results/zero_margin_tightness/corpus.txt
3	10116	N?DB?GBLHaHDbIasUG_	11	6	0	explicit_requested_previous_witness	results/zero_margin_tightness/corpus.txt
4	19269	NsaCB`o[?^`}B{^_No?	18	9	0	B3_verified_twin_class_signature;top_8_saved_d_then_id;first_id_at_saved_d_9;first_id_in_stratum_L18_d9	results/zero_margin_tightness/corpus.txt
5	8814	N?BDCaGWYdHWLHJQBq?	13	7	1	saved_d_edge_critical_flag	results/zero_margin_tightness/corpus.txt
6	9965	N?CaGgJB?csYpIyQ]E?	12	8	1	saved_d_edge_critical_flag;top_8_saved_d_then_id;first_id_in_stratum_L12_d8	results/zero_margin_tightness/corpus.txt
7	8600	N?ACALEm\rVK^_^_No?	17	8	0	top_8_saved_d_then_id;first_id_at_saved_d_8;first_id_in_stratum_L17_d8	results/zero_margin_tightness/corpus.txt
8	19082	NqMC@@?PPD`UDRBwA{?	12	8	0	top_8_saved_d_then_id	results/zero_margin_tightness/corpus.txt
9	1292	N????KEWOprqxa}W^K?	12	7	0	top_8_saved_d_then_id;first_id_at_saved_d_7;first_id_in_stratum_L12_d7	results/zero_margin_tightness/corpus.txt
10	1301	N????KEoXrFKNcpb^o?	12	7	0	top_8_saved_d_then_id	results/zero_margin_tightness/corpus.txt
11	1352	N????KUFECdL}Ow[^o?	11	7	0	top_8_saved_d_then_id;first_id_in_stratum_L11_d7	results/zero_margin_tightness/corpus.txt
12	1355	N????KWHg{ZIwYwY^o?	12	7	0	top_8_saved_d_then_id	results/zero_margin_tightness/corpus.txt
13	964	N????B~~v}^w~o~o^w?	25	0	0	first_id_at_saved_L_25	results/zero_margin_tightness/corpus.txt
14	333	N??????~~~^{~w~w^{?	24	0	0	first_id_at_saved_L_24	results/zero_margin_tightness/corpus.txt
15	15071	NCaCCA?^z~N{^w^wN{?	23	0	0	first_id_at_saved_L_23	results/zero_margin_tightness/corpus.txt
16	132	N???????F~~}~{~{^}?	22	0	0	first_id_at_saved_L_22;first_id_at_saved_d_0	results/zero_margin_tightness/corpus.txt
17	314	N??????v|~N{~w~w^{?	21	0	0	first_id_at_saved_L_21	results/zero_margin_tightness/corpus.txt
18	326	N??????z}~V{^w~w^{?	20	0	0	first_id_at_saved_L_20	results/zero_margin_tightness/corpus.txt
19	2368	N???CA?~b~N{^w^wN{?	19	1	0	first_id_at_saved_L_19	results/zero_margin_tightness/corpus.txt
20	264	N??????N|~N{zwvw^{?	18	0	0	first_id_at_saved_L_18	results/zero_margin_tightness/corpus.txt
21	254	N??????F~NN{^w~w^{?	17	0	0	first_id_at_saved_L_17	results/zero_margin_tightness/corpus.txt
22	900	N????B?Nx~F{Nw~o^w?	16	2	0	first_id_at_saved_L_16	results/zero_margin_tightness/corpus.txt
23	275	N??????_C?^{^}^}N~?	15	1	0	first_id_at_saved_L_15	results/zero_margin_tightness/corpus.txt
24	108	N???????CFn`~{~{^}?	14	1	0	first_id_at_saved_L_14	results/zero_margin_tightness/corpus.txt
25	82	N????????F~`~{~{^}?	13	1	0	first_id_at_saved_L_13	results/zero_margin_tightness/corpus.txt
26	120	N???????F?B~F}~{^}?	12	2	0	first_id_at_saved_L_12	results/zero_margin_tightness/corpus.txt
27	89	N????????N_}}B~{^}?	11	2	0	first_id_at_saved_L_11	results/zero_margin_tightness/corpus.txt
28	398	N?????B?oqBewbxM^w?	<=10	6	unknown	first_id_at_saved_d_6	results/zero_margin_tightness/corpus.txt
29	148	N???????WB@r{X~e^{?	<=10	5	unknown	first_id_at_saved_d_5	results/zero_margin_tightness/corpus.txt
30	78	N????????F_]~B~B^}?	<=10	4	unknown	first_id_at_saved_d_4	results/zero_margin_tightness/corpus.txt
31	56	N????????B_E~p~b^}?	<=10	3	unknown	first_id_at_saved_d_3	results/zero_margin_tightness/corpus.txt
32	15	N??????????F?M~p~~?	<=10	2	unknown	first_id_at_saved_d_2	results/zero_margin_tightness/corpus.txt
33	0	N???????????_^^_~~_	<=10	1	unknown	first_id_at_saved_d_1	results/zero_margin_tightness/corpus.txt
34	2564	N???EMwPiLFJMU~_^o?	15	7	0	first_id_in_stratum_L15_d7	results/zero_margin_tightness/corpus.txt
35	2282	N???BqFMHpNopepe^o?	14	7	0	first_id_in_stratum_L14_d7	results/zero_margin_tightness/corpus.txt
36	2134	N???@xaFGxVoouwe^o?	13	7	0	first_id_in_stratum_L13_d7	results/zero_margin_tightness/corpus.txt
37	1649	N????[MBf{^o{[{[]M?	15	6	0	first_id_in_stratum_L15_d6	results/zero_margin_tightness/corpus.txt
38	614	N?????NBo]]F{M~o^w?	14	6	0	first_id_in_stratum_L14_d6	results/zero_margin_tightness/corpus.txt
39	1290	N????KEQXbXplc~_^K?	13	6	0	first_id_in_stratum_L13_d6	results/zero_margin_tightness/corpus.txt
