id	Y_mask	good	q	rho	delta_min	f_mask	h_mask_local	S_mask	S_vertices	S_size	S_edges	S_degrees	independent	connected	path	star	bipartite	H_boundary_M	H_boundary_C	Y_boundary_M	Y_boundary_C	S_internal_M	S_internal_C	R	Delta
15	775	1	1	3	1	30720	800	7168	10,11,12	3	2	1,1,2	0	1	1	1	1	2	1	0	4	0	2	0	1
15	779	1	1	3	1	30720	800	7168	10,11,12	3	2	1,1,2	0	1	1	1	1	2	1	0	4	0	2	0	1
15	781	1	1	3	1	30720	800	7168	10,11,12	3	2	1,1,2	0	1	1	1	1	2	1	0	4	0	2	0	1
15	782	1	1	3	1	30720	800	7168	10,11,12	3	2	1,1,2	0	1	1	1	1	2	1	0	4	0	2	0	1
15	787	1	1	3	1	30720	800	7168	10,11,12	3	2	1,1,2	0	1	1	1	1	2	1	0	4	0	2	0	1
15	789	1	1	3	1	30720	800	7168	10,11,12	3	2	1,1,2	0	1	1	1	1	2	1	0	4	0	2	0	1
15	790	1	1	3	1	30720	800	7168	10,11,12	3	2	1,1,2	0	1	1	1	1	2	1	0	4	0	2	0	1
15	793	1	1	3	1	30720	800	7168	10,11,12	3	2	1,1,2	0	1	1	1	1	2	1	0	4	0	2	0	1
15	794	1	1	3	1	30720	800	7168	10,11,12	3	2	1,1,2	0	1	1	1	1	2	1	0	4	0	2	0	1
15	796	1	1	3	1	30720	800	7168	10,11,12	3	2	1,1,2	0	1	1	1	1	2	1	0	4	0	2	0	1
15	803	1	1	3	1	30720	800	7168	10,11,12	3	2	1,1,2	0	1	1	1	1	2	1	0	4	0	2	0	1
15	805	1	1	3	1	30720	800	7168	10,11,12	3	2	1,1,2	0	1	1	1	1	2	1	0	4	0	2	0	1
15	806	1	1	3	1	30720	800	7168	10,11,12	3	2	1,1,2	0	1	1	1	1	2	1	0	4	0	2	0	1
15	809	1	1	3	1	30720	800	7168	10,11,12	3	2	1,1,2	0	1	1	1	1	2	1	0	4	0	2	0	1
15	810	1	1	3	1	30720	800	7168	10,11,12	3	2	1,1,2	0	1	1	1	1	2	1	0	4	0	2	0	1
15	812	1	1	3	1	30720	800	7168	10,11,12	3	2	1,1,2	0	1	1	1	1	2	1	0	4	0	2	0	1
15	817	1	1	3	1	30720	800	7168	10,11,12	3	2	1,1,2	0	1	1	1	1	2	1	0	4	0	2	0	1
15	818	1	1	3	1	30720	800	7168	10,11,12	3	2	1,1,2	0	1	1	1	1	2	1	0	4	0	2	0	1
15	820	1	1	3	1	30720	800	7168	10,11,12	3	2	1,1,2	0	1	1	1	1	2	1	0	4	0	2	0	1
15	824	1	1	3	1	30720	800	7168	10,11,12	3	2	1,1,2	0	1	1	1	1	2	1	0	4	0	2	0	1
15	835	1	1	3	1	30720	800	7168	10,11,12	3	2	1,1,2	0	1	1	1	1	2	1	0	4	0	2	0	1
15	837	1	1	3	1	30720	800	7168	10,11,12	3	2	1,1,2	0	1	1	1	1	2	1	0	4	0	2	0	1
15	838	1	1	3	1	30720	800	7168	10,11,12	3	2	1,1,2	0	1	1	1	1	2	1	0	4	0	2	0	1
15	841	1	1	3	1	30720	800	7168	10,11,12	3	2	1,1,2	0	1	1	1	1	2	1	0	4	0	2	0	1
15	842	1	1	3	1	30720	800	7168	10,11,12	3	2	1,1,2	0	1	1	1	1	2	1	0	4	0	2	0	1
15	844	1	1	3	1	30720	800	7168	10,11,12	3	2	1,1,2	0	1	1	1	1	2	1	0	4	0	2	0	1
15	849	1	1	3	1	30720	800	7168	10,11,12	3	2	1,1,2	0	1	1	1	1	2	1	0	4	0	2	0	1
15	850	1	1	3	1	30720	800	7168	10,11,12	3	2	1,1,2	0	1	1	1	1	2	1	0	4	0	2	0	1
15	852	1	1	3	1	30720	800	7168	10,11,12	3	2	1,1,2	0	1	1	1	1	2	1	0	4	0	2	0	1
15	856	1	1	3	1	30720	800	7168	10,11,12	3	2	1,1,2	0	1	1	1	1	2	1	0	4	0	2	0	1
15	865	1	1	3	1	30720	800	7168	10,11,12	3	2	1,1,2	0	1	1	1	1	2	1	0	4	0	2	0	1
15	866	1	1	3	1	30720	800	7168	10,11,12	3	2	1,1,2	0	1	1	1	1	2	1	0	4	0	2	0	1
15	868	1	1	3	1	30720	800	7168	10,11,12	3	2	1,1,2	0	1	1	1	1	2	1	0	4	0	2	0	1
15	872	1	1	3	1	30720	800	7168	10,11,12	3	2	1,1,2	0	1	1	1	1	2	1	0	4	0	2	0	1
15	880	1	1	3	1	30720	800	7168	10,11,12	3	2	1,1,2	0	1	1	1	1	2	1	0	4	0	2	0	1
15	899	1	1	3	1	30720	800	7168	10,11,12	3	2	1,1,2	0	1	1	1	1	2	1	0	4	0	2	0	1
15	901	1	1	3	1	30720	800	7168	10,11,12	3	2	1,1,2	0	1	1	1	1	2	1	0	4	0	2	0	1
15	902	1	1	3	1	30720	800	7168	10,11,12	3	2	1,1,2	0	1	1	1	1	2	1	0	4	0	2	0	1
15	905	1	1	3	1	30720	800	7168	10,11,12	3	2	1,1,2	0	1	1	1	1	2	1	0	4	0	2	0	1
15	906	1	1	3	1	30720	800	7168	10,11,12	3	2	1,1,2	0	1	1	1	1	2	1	0	4	0	2	0	1
15	908	1	1	3	1	30720	800	7168	10,11,12	3	2	1,1,2	0	1	1	1	1	2	1	0	4	0	2	0	1
15	913	1	1	3	1	30720	800	7168	10,11,12	3	2	1,1,2	0	1	1	1	1	2	1	0	4	0	2	0	1
15	914	1	1	3	1	30720	800	7168	10,11,12	3	2	1,1,2	0	1	1	1	1	2	1	0	4	0	2	0	1
15	916	1	1	3	1	30720	800	7168	10,11,12	3	2	1,1,2	0	1	1	1	1	2	1	0	4	0	2	0	1
15	920	1	1	3	1	30720	800	7168	10,11,12	3	2	1,1,2	0	1	1	1	1	2	1	0	4	0	2	0	1
15	929	1	1	3	1	30720	800	7168	10,11,12	3	2	1,1,2	0	1	1	1	1	2	1	0	4	0	2	0	1
15	930	1	1	3	1	30720	800	7168	10,11,12	3	2	1,1,2	0	1	1	1	1	2	1	0	4	0	2	0	1
15	932	1	1	3	1	30720	800	7168	10,11,12	3	2	1,1,2	0	1	1	1	1	2	1	0	4	0	2	0	1
15	936	1	1	3	1	30720	800	7168	10,11,12	3	2	1,1,2	0	1	1	1	1	2	1	0	4	0	2	0	1
15	944	1	1	3	1	30720	800	7168	10,11,12	3	2	1,1,2	0	1	1	1	1	2	1	0	4	0	2	0	1
15	961	1	1	3	1	30720	800	7168	10,11,12	3	2	1,1,2	0	1	1	1	1	2	1	0	4	0	2	0	1
15	962	1	1	3	1	30720	800	7168	10,11,12	3	2	1,1,2	0	1	1	1	1	2	1	0	4	0	2	0	1
15	964	1	1	3	1	30720	800	7168	10,11,12	3	2	1,1,2	0	1	1	1	1	2	1	0	4	0	2	0	1
15	968	1	1	3	1	30720	800	7168	10,11,12	3	2	1,1,2	0	1	1	1	1	2	1	0	4	0	2	0	1
15	976	1	1	3	1	30720	800	7168	10,11,12	3	2	1,1,2	0	1	1	1	1	2	1	0	4	0	2	0	1
15	992	1	1	3	1	30720	800	7168	10,11,12	3	2	1,1,2	0	1	1	1	1	2	1	0	4	0	2	0	1
15	1287	1	1	3	1	30720	800	6656	9,11,12	3	2	1,1,2	0	1	1	1	1	2	1	0	4	0	2	0	1
15	1291	1	1	3	1	30720	800	6656	9,11,12	3	2	1,1,2	0	1	1	1	1	2	1	0	4	0	2	0	1
15	1293	1	1	3	1	30720	800	6656	9,11,12	3	2	1,1,2	0	1	1	1	1	2	1	0	4	0	2	0	1
15	1294	1	1	3	1	30720	800	6656	9,11,12	3	2	1,1,2	0	1	1	1	1	2	1	0	4	0	2	0	1
15	1299	1	1	3	1	30720	800	6656	9,11,12	3	2	1,1,2	0	1	1	1	1	2	1	0	4	0	2	0	1
15	1301	1	1	3	1	30720	800	6656	9,11,12	3	2	1,1,2	0	1	1	1	1	2	1	0	4	0	2	0	1
15	1302	1	1	3	1	30720	800	6656	9,11,12	3	2	1,1,2	0	1	1	1	1	2	1	0	4	0	2	0	1
15	1305	1	1	3	1	30720	800	6656	9,11,12	3	2	1,1,2	0	1	1	1	1	2	1	0	4	0	2	0	1
15	1306	1	1	3	1	30720	800	6656	9,11,12	3	2	1,1,2	0	1	1	1	1	2	1	0	4	0	2	0	1
15	1308	1	1	3	1	30720	800	6656	9,11,12	3	2	1,1,2	0	1	1	1	1	2	1	0	4	0	2	0	1
15	1315	1	1	3	1	30720	800	6656	9,11,12	3	2	1,1,2	0	1	1	1	1	2	1	0	4	0	2	0	1
15	1317	1	1	3	1	30720	800	6656	9,11,12	3	2	1,1,2	0	1	1	1	1	2	1	0	4	0	2	0	1
15	1318	1	1	3	1	30720	800	6656	9,11,12	3	2	1,1,2	0	1	1	1	1	2	1	0	4	0	2	0	1
15	1321	1	1	3	1	30720	800	6656	9,11,12	3	2	1,1,2	0	1	1	1	1	2	1	0	4	0	2	0	1
15	1322	1	1	3	1	30720	800	6656	9,11,12	3	2	1,1,2	0	1	1	1	1	2	1	0	4	0	2	0	1
15	1324	1	1	3	1	30720	800	6656	9,11,12	3	2	1,1,2	0	1	1	1	1	2	1	0	4	0	2	0	1
15	1329	1	1	3	1	30720	800	6656	9,11,12	3	2	1,1,2	0	1	1	1	1	2	1	0	4	0	2	0	1
15	1330	1	1	3	1	30720	800	6656	9,11,12	3	2	1,1,2	0	1	1	1	1	2	1	0	4	0	2	0	1
15	1332	1	1	3	1	30720	800	6656	9,11,12	3	2	1,1,2	0	1	1	1	1	2	1	0	4	0	2	0	1
15	1336	1	1	3	1	30720	800	6656	9,11,12	3	2	1,1,2	0	1	1	1	1	2	1	0	4	0	2	0	1
15	1347	1	1	3	1	30720	800	6656	9,11,12	3	2	1,1,2	0	1	1	1	1	2	1	0	4	0	2	0	1
15	1349	1	1	3	1	30720	800	6656	9,11,12	3	2	1,1,2	0	1	1	1	1	2	1	0	4	0	2	0	1
15	1350	1	1	3	1	30720	800	6656	9,11,12	3	2	1,1,2	0	1	1	1	1	2	1	0	4	0	2	0	1
15	1353	1	1	3	1	30720	800	6656	9,11,12	3	2	1,1,2	0	1	1	1	1	2	1	0	4	0	2	0	1
15	1354	1	1	3	1	30720	800	6656	9,11,12	3	2	1,1,2	0	1	1	1	1	2	1	0	4	0	2	0	1
15	1356	1	1	3	1	30720	800	6656	9,11,12	3	2	1,1,2	0	1	1	1	1	2	1	0	4	0	2	0	1
15	1361	1	1	3	1	30720	800	6656	9,11,12	3	2	1,1,2	0	1	1	1	1	2	1	0	4	0	2	0	1
15	1362	1	1	3	1	30720	800	6656	9,11,12	3	2	1,1,2	0	1	1	1	1	2	1	0	4	0	2	0	1
15	1364	1	1	3	1	30720	800	6656	9,11,12	3	2	1,1,2	0	1	1	1	1	2	1	0	4	0	2	0	1
15	1368	1	1	3	1	30720	800	6656	9,11,12	3	2	1,1,2	0	1	1	1	1	2	1	0	4	0	2	0	1
15	1377	1	1	3	1	30720	800	6656	9,11,12	3	2	1,1,2	0	1	1	1	1	2	1	0	4	0	2	0	1
15	1378	1	1	3	1	30720	800	6656	9,11,12	3	2	1,1,2	0	1	1	1	1	2	1	0	4	0	2	0	1
15	1380	1	1	3	1	30720	800	6656	9,11,12	3	2	1,1,2	0	1	1	1	1	2	1	0	4	0	2	0	1
15	1384	1	1	3	1	30720	800	6656	9,11,12	3	2	1,1,2	0	1	1	1	1	2	1	0	4	0	2	0	1
15	1392	1	1	3	1	30720	800	6656	9,11,12	3	2	1,1,2	0	1	1	1	1	2	1	0	4	0	2	0	1
15	1411	1	1	3	1	30720	800	6656	9,11,12	3	2	1,1,2	0	1	1	1	1	2	1	0	4	0	2	0	1
15	1413	1	1	3	1	30720	800	6656	9,11,12	3	2	1,1,2	0	1	1	1	1	2	1	0	4	0	2	0	1
15	1414	1	1	3	1	30720	800	6656	9,11,12	3	2	1,1,2	0	1	1	1	1	2	1	0	4	0	2	0	1
15	1417	1	1	3	1	30720	800	6656	9,11,12	3	2	1,1,2	0	1	1	1	1	2	1	0	4	0	2	0	1
15	1418	1	1	3	1	30720	800	6656	9,11,12	3	2	1,1,2	0	1	1	1	1	2	1	0	4	0	2	0	1
15	1420	1	1	3	1	30720	800	6656	9,11,12	3	2	1,1,2	0	1	1	1	1	2	1	0	4	0	2	0	1
15	1425	1	1	3	1	30720	800	6656	9,11,12	3	2	1,1,2	0	1	1	1	1	2	1	0	4	0	2	0	1
15	1426	1	1	3	1	30720	800	6656	9,11,12	3	2	1,1,2	0	1	1	1	1	2	1	0	4	0	2	0	1
15	1428	1	1	3	1	30720	800	6656	9,11,12	3	2	1,1,2	0	1	1	1	1	2	1	0	4	0	2	0	1
15	1432	1	1	3	1	30720	800	6656	9,11,12	3	2	1,1,2	0	1	1	1	1	2	1	0	4	0	2	0	1
15	1441	1	1	3	1	30720	800	6656	9,11,12	3	2	1,1,2	0	1	1	1	1	2	1	0	4	0	2	0	1
15	1442	1	1	3	1	30720	800	6656	9,11,12	3	2	1,1,2	0	1	1	1	1	2	1	0	4	0	2	0	1
15	1444	1	1	3	1	30720	800	6656	9,11,12	3	2	1,1,2	0	1	1	1	1	2	1	0	4	0	2	0	1
15	1448	1	1	3	1	30720	800	6656	9,11,12	3	2	1,1,2	0	1	1	1	1	2	1	0	4	0	2	0	1
15	1456	1	1	3	1	30720	800	6656	9,11,12	3	2	1,1,2	0	1	1	1	1	2	1	0	4	0	2	0	1
15	1473	1	1	3	1	30720	800	6656	9,11,12	3	2	1,1,2	0	1	1	1	1	2	1	0	4	0	2	0	1
15	1474	1	1	3	1	30720	800	6656	9,11,12	3	2	1,1,2	0	1	1	1	1	2	1	0	4	0	2	0	1
15	1476	1	1	3	1	30720	800	6656	9,11,12	3	2	1,1,2	0	1	1	1	1	2	1	0	4	0	2	0	1
15	1480	1	1	3	1	30720	800	6656	9,11,12	3	2	1,1,2	0	1	1	1	1	2	1	0	4	0	2	0	1
15	1488	1	1	3	1	30720	800	6656	9,11,12	3	2	1,1,2	0	1	1	1	1	2	1	0	4	0	2	0	1
15	1504	1	1	3	1	30720	800	6656	9,11,12	3	2	1,1,2	0	1	1	1	1	2	1	0	4	0	2	0	1
15	1543	1	1	3	1	30720	800	6400	8,11,12	3	2	1,1,2	0	1	1	1	1	2	1	0	4	0	2	0	1
15	1547	1	1	3	1	30720	800	6400	8,11,12	3	2	1,1,2	0	1	1	1	1	2	1	0	4	0	2	0	1
15	1549	1	1	3	1	30720	800	6400	8,11,12	3	2	1,1,2	0	1	1	1	1	2	1	0	4	0	2	0	1
15	1550	1	1	3	1	30720	800	6400	8,11,12	3	2	1,1,2	0	1	1	1	1	2	1	0	4	0	2	0	1
15	1555	1	1	3	1	30720	800	6400	8,11,12	3	2	1,1,2	0	1	1	1	1	2	1	0	4	0	2	0	1
15	1557	1	1	3	1	30720	800	6400	8,11,12	3	2	1,1,2	0	1	1	1	1	2	1	0	4	0	2	0	1
15	1558	1	1	3	1	30720	800	6400	8,11,12	3	2	1,1,2	0	1	1	1	1	2	1	0	4	0	2	0	1
15	1561	1	1	3	1	30720	800	6400	8,11,12	3	2	1,1,2	0	1	1	1	1	2	1	0	4	0	2	0	1
15	1562	1	1	3	1	30720	800	6400	8,11,12	3	2	1,1,2	0	1	1	1	1	2	1	0	4	0	2	0	1
15	1564	1	1	3	1	30720	800	6400	8,11,12	3	2	1,1,2	0	1	1	1	1	2	1	0	4	0	2	0	1
15	1571	1	1	3	1	30720	800	6400	8,11,12	3	2	1,1,2	0	1	1	1	1	2	1	0	4	0	2	0	1
15	1573	1	1	3	1	30720	800	6400	8,11,12	3	2	1,1,2	0	1	1	1	1	2	1	0	4	0	2	0	1
15	1574	1	1	3	1	30720	800	6400	8,11,12	3	2	1,1,2	0	1	1	1	1	2	1	0	4	0	2	0	1
15	1577	1	1	3	1	30720	800	6400	8,11,12	3	2	1,1,2	0	1	1	1	1	2	1	0	4	0	2	0	1
15	1578	1	1	3	1	30720	800	6400	8,11,12	3	2	1,1,2	0	1	1	1	1	2	1	0	4	0	2	0	1
15	1580	1	1	3	1	30720	800	6400	8,11,12	3	2	1,1,2	0	1	1	1	1	2	1	0	4	0	2	0	1
15	1585	1	1	3	1	30720	800	6400	8,11,12	3	2	1,1,2	0	1	1	1	1	2	1	0	4	0	2	0	1
15	1586	1	1	3	1	30720	800	6400	8,11,12	3	2	1,1,2	0	1	1	1	1	2	1	0	4	0	2	0	1
15	1588	1	1	3	1	30720	800	6400	8,11,12	3	2	1,1,2	0	1	1	1	1	2	1	0	4	0	2	0	1
15	1592	1	1	3	1	30720	800	6400	8,11,12	3	2	1,1,2	0	1	1	1	1	2	1	0	4	0	2	0	1
15	1603	1	1	3	1	30720	800	6400	8,11,12	3	2	1,1,2	0	1	1	1	1	2	1	0	4	0	2	0	1
15	1605	1	1	3	1	30720	800	6400	8,11,12	3	2	1,1,2	0	1	1	1	1	2	1	0	4	0	2	0	1
15	1606	1	1	3	1	30720	800	6400	8,11,12	3	2	1,1,2	0	1	1	1	1	2	1	0	4	0	2	0	1
15	1609	1	1	3	1	30720	800	6400	8,11,12	3	2	1,1,2	0	1	1	1	1	2	1	0	4	0	2	0	1
15	1610	1	1	3	1	30720	800	6400	8,11,12	3	2	1,1,2	0	1	1	1	1	2	1	0	4	0	2	0	1
15	1612	1	1	3	1	30720	800	6400	8,11,12	3	2	1,1,2	0	1	1	1	1	2	1	0	4	0	2	0	1
15	1617	1	1	3	1	30720	800	6400	8,11,12	3	2	1,1,2	0	1	1	1	1	2	1	0	4	0	2	0	1
15	1618	1	1	3	1	30720	800	6400	8,11,12	3	2	1,1,2	0	1	1	1	1	2	1	0	4	0	2	0	1
15	1620	1	1	3	1	30720	800	6400	8,11,12	3	2	1,1,2	0	1	1	1	1	2	1	0	4	0	2	0	1
15	1624	1	1	3	1	30720	800	6400	8,11,12	3	2	1,1,2	0	1	1	1	1	2	1	0	4	0	2	0	1
15	1633	1	1	3	1	30720	800	6400	8,11,12	3	2	1,1,2	0	1	1	1	1	2	1	0	4	0	2	0	1
15	1634	1	1	3	1	30720	800	6400	8,11,12	3	2	1,1,2	0	1	1	1	1	2	1	0	4	0	2	0	1
15	1636	1	1	3	1	30720	800	6400	8,11,12	3	2	1,1,2	0	1	1	1	1	2	1	0	4	0	2	0	1
15	1640	1	1	3	1	30720	800	6400	8,11,12	3	2	1,1,2	0	1	1	1	1	2	1	0	4	0	2	0	1
15	1648	1	1	3	1	30720	800	6400	8,11,12	3	2	1,1,2	0	1	1	1	1	2	1	0	4	0	2	0	1
15	1667	1	1	3	1	30720	800	6400	8,11,12	3	2	1,1,2	0	1	1	1	1	2	1	0	4	0	2	0	1
15	1669	1	1	3	1	30720	800	6400	8,11,12	3	2	1,1,2	0	1	1	1	1	2	1	0	4	0	2	0	1
15	1670	1	1	3	1	30720	800	6400	8,11,12	3	2	1,1,2	0	1	1	1	1	2	1	0	4	0	2	0	1
15	1673	1	1	3	1	30720	800	6400	8,11,12	3	2	1,1,2	0	1	1	1	1	2	1	0	4	0	2	0	1
15	1674	1	1	3	1	30720	800	6400	8,11,12	3	2	1,1,2	0	1	1	1	1	2	1	0	4	0	2	0	1
15	1676	1	1	3	1	30720	800	6400	8,11,12	3	2	1,1,2	0	1	1	1	1	2	1	0	4	0	2	0	1
15	1681	1	1	3	1	30720	800	6400	8,11,12	3	2	1,1,2	0	1	1	1	1	2	1	0	4	0	2	0	1
15	1682	1	1	3	1	30720	800	6400	8,11,12	3	2	1,1,2	0	1	1	1	1	2	1	0	4	0	2	0	1
15	1684	1	1	3	1	30720	800	6400	8,11,12	3	2	1,1,2	0	1	1	1	1	2	1	0	4	0	2	0	1
15	1688	1	1	3	1	30720	800	6400	8,11,12	3	2	1,1,2	0	1	1	1	1	2	1	0	4	0	2	0	1
15	1697	1	1	3	1	30720	800	6400	8,11,12	3	2	1,1,2	0	1	1	1	1	2	1	0	4	0	2	0	1
15	1698	1	1	3	1	30720	800	6400	8,11,12	3	2	1,1,2	0	1	1	1	1	2	1	0	4	0	2	0	1
15	1700	1	1	3	1	30720	800	6400	8,11,12	3	2	1,1,2	0	1	1	1	1	2	1	0	4	0	2	0	1
15	1704	1	1	3	1	30720	800	6400	8,11,12	3	2	1,1,2	0	1	1	1	1	2	1	0	4	0	2	0	1
15	1712	1	1	3	1	30720	800	6400	8,11,12	3	2	1,1,2	0	1	1	1	1	2	1	0	4	0	2	0	1
15	1729	1	1	3	1	30720	800	6400	8,11,12	3	2	1,1,2	0	1	1	1	1	2	1	0	4	0	2	0	1
15	1730	1	1	3	1	30720	800	6400	8,11,12	3	2	1,1,2	0	1	1	1	1	2	1	0	4	0	2	0	1
15	1732	1	1	3	1	30720	800	6400	8,11,12	3	2	1,1,2	0	1	1	1	1	2	1	0	4	0	2	0	1
15	1736	1	1	3	1	30720	800	6400	8,11,12	3	2	1,1,2	0	1	1	1	1	2	1	0	4	0	2	0	1
15	1744	1	1	3	1	30720	800	6400	8,11,12	3	2	1,1,2	0	1	1	1	1	2	1	0	4	0	2	0	1
15	1760	1	1	3	1	30720	800	6400	8,11,12	3	2	1,1,2	0	1	1	1	1	2	1	0	4	0	2	0	1
15	1795	1	2	2	2	30720	768	6144	11,12	2	0	0,0	1	0	0	0	1	2	0	0	6	0	0	0	2
15	1797	1	2	2	2	30720	768	6144	11,12	2	0	0,0	1	0	0	0	1	2	0	0	6	0	0	0	2
15	1798	1	2	2	2	30720	768	6144	11,12	2	0	0,0	1	0	0	0	1	2	0	0	6	0	0	0	2
15	1801	1	2	2	2	30720	768	6144	11,12	2	0	0,0	1	0	0	0	1	2	0	0	6	0	0	0	2
15	1802	1	2	2	2	30720	768	6144	11,12	2	0	0,0	1	0	0	0	1	2	0	0	6	0	0	0	2
15	1804	1	2	2	2	30720	768	6144	11,12	2	0	0,0	1	0	0	0	1	2	0	0	6	0	0	0	2
15	1809	1	2	2	2	30720	768	6144	11,12	2	0	0,0	1	0	0	0	1	2	0	0	6	0	0	0	2
15	1810	1	2	2	2	30720	768	6144	11,12	2	0	0,0	1	0	0	0	1	2	0	0	6	0	0	0	2
15	1812	1	2	2	2	30720	768	6144	11,12	2	0	0,0	1	0	0	0	1	2	0	0	6	0	0	0	2
15	1816	1	2	2	2	30720	768	6144	11,12	2	0	0,0	1	0	0	0	1	2	0	0	6	0	0	0	2
15	1825	1	2	2	2	30720	768	6144	11,12	2	0	0,0	1	0	0	0	1	2	0	0	6	0	0	0	2
15	1826	1	2	2	2	30720	768	6144	11,12	2	0	0,0	1	0	0	0	1	2	0	0	6	0	0	0	2
15	1828	1	2	2	2	30720	768	6144	11,12	2	0	0,0	1	0	0	0	1	2	0	0	6	0	0	0	2
15	1832	1	2	2	2	30720	768	6144	11,12	2	0	0,0	1	0	0	0	1	2	0	0	6	0	0	0	2
15	1840	1	2	2	2	30720	768	6144	11,12	2	0	0,0	1	0	0	0	1	2	0	0	6	0	0	0	2
15	1857	1	2	2	2	30720	768	6144	11,12	2	0	0,0	1	0	0	0	1	2	0	0	6	0	0	0	2
15	1858	1	2	2	2	30720	768	6144	11,12	2	0	0,0	1	0	0	0	1	2	0	0	6	0	0	0	2
15	1860	1	2	2	2	30720	768	6144	11,12	2	0	0,0	1	0	0	0	1	2	0	0	6	0	0	0	2
15	1864	1	2	2	2	30720	768	6144	11,12	2	0	0,0	1	0	0	0	1	2	0	0	6	0	0	0	2
15	1872	1	2	2	2	30720	768	6144	11,12	2	0	0,0	1	0	0	0	1	2	0	0	6	0	0	0	2
15	1888	1	2	2	2	30720	768	6144	11,12	2	0	0,0	1	0	0	0	1	2	0	0	6	0	0	0	2
15	1921	1	2	2	2	30720	768	6144	11,12	2	0	0,0	1	0	0	0	1	2	0	0	6	0	0	0	2
15	1922	1	2	2	2	30720	768	6144	11,12	2	0	0,0	1	0	0	0	1	2	0	0	6	0	0	0	2
15	1924	1	2	2	2	30720	768	6144	11,12	2	0	0,0	1	0	0	0	1	2	0	0	6	0	0	0	2
15	1928	1	2	2	2	30720	768	6144	11,12	2	0	0,0	1	0	0	0	1	2	0	0	6	0	0	0	2
15	1936	1	2	2	2	30720	768	6144	11,12	2	0	0,0	1	0	0	0	1	2	0	0	6	0	0	0	2
15	1952	1	2	2	2	30720	768	6144	11,12	2	0	0,0	1	0	0	0	1	2	0	0	6	0	0	0	2
15	1984	1	2	2	2	30720	768	6144	11,12	2	0	0,0	1	0	0	0	1	2	0	0	6	0	0	0	2
15	3841	1	2	1	1	30720	768	4096	12	1	0	0	1	1	1	1	1	1	0	0	3	0	0	1	1
15	3842	1	2	1	1	30720	768	4096	12	1	0	0	1	1	1	1	1	1	0	0	3	0	0	1	1
15	3844	1	2	1	1	30720	768	4096	12	1	0	0	1	1	1	1	1	1	0	0	3	0	0	1	1
15	3848	1	2	1	1	30720	768	4096	12	1	0	0	1	1	1	1	1	1	0	0	3	0	0	1	1
15	3856	1	2	1	1	30720	768	4096	12	1	0	0	1	1	1	1	1	1	0	0	3	0	0	1	1
15	3872	1	2	1	1	30720	768	4096	12	1	0	0	1	1	1	1	1	1	0	0	3	0	0	1	1
15	3904	1	2	1	1	30720	768	4096	12	1	0	0	1	1	1	1	1	1	0	0	3	0	0	1	1
15	3968	1	2	1	1	30720	768	4096	12	1	0	0	1	1	1	1	1	1	0	0	3	0	0	1	1
15	5889	1	2	1	1	30720	768	2048	11	1	0	0	1	1	1	1	1	1	0	0	3	0	0	1	1
15	5890	1	2	1	1	30720	768	2048	11	1	0	0	1	1	1	1	1	1	0	0	3	0	0	1	1
15	5892	1	2	1	1	30720	768	2048	11	1	0	0	1	1	1	1	1	1	0	0	3	0	0	1	1
15	5896	1	2	1	1	30720	768	2048	11	1	0	0	1	1	1	1	1	1	0	0	3	0	0	1	1
15	5904	1	2	1	1	30720	768	2048	11	1	0	0	1	1	1	1	1	1	0	0	3	0	0	1	1
15	5920	1	2	1	1	30720	768	2048	11	1	0	0	1	1	1	1	1	1	0	0	3	0	0	1	1
15	5952	1	2	1	1	30720	768	2048	11	1	0	0	1	1	1	1	1	1	0	0	3	0	0	1	1
15	6016	1	2	1	1	30720	768	2048	11	1	0	0	1	1	1	1	1	1	0	0	3	0	0	1	1
15	16399	1	2	5	2	30720	399	8432	4,5,6,7,13	5	4	1,1,1,1,4	0	1	0	1	1	2	0	0	8	0	4	0	2
15	16407	1	2	5	2	30720	399	8424	3,5,6,7,13	5	4	1,1,1,1,4	0	1	0	1	1	2	0	0	8	0	4	0	2
15	16411	1	2	5	2	30720	399	8420	2,5,6,7,13	5	4	1,1,1,1,4	0	1	0	1	1	2	0	0	8	0	4	0	2
15	16413	1	2	5	2	30720	399	8418	1,5,6,7,13	5	4	1,1,1,1,4	0	1	0	1	1	2	0	0	8	0	4	0	2
15	16414	1	2	5	2	30720	399	8417	0,5,6,7,13	5	4	1,1,1,1,4	0	1	0	1	1	2	0	0	8	0	4	0	2
15	16423	1	2	5	2	30720	399	8408	3,4,6,7,13	5	4	1,1,1,1,4	0	1	0	1	1	2	0	0	8	0	4	0	2
15	16427	1	2	5	2	30720	399	8404	2,4,6,7,13	5	4	1,1,1,1,4	0	1	0	1	1	2	0	0	8	0	4	0	2
15	16429	1	2	5	2	30720	399	8402	1,4,6,7,13	5	4	1,1,1,1,4	0	1	0	1	1	2	0	0	8	0	4	0	2
15	16430	1	2	5	2	30720	399	8401	0,4,6,7,13	5	4	1,1,1,1,4	0	1	0	1	1	2	0	0	8	0	4	0	2
15	16435	1	2	5	2	30720	399	8396	2,3,6,7,13	5	4	1,1,1,1,4	0	1	0	1	1	2	0	0	8	0	4	0	2
15	16437	1	2	5	2	30720	399	8394	1,3,6,7,13	5	4	1,1,1,1,4	0	1	0	1	1	2	0	0	8	0	4	0	2
15	16438	1	2	5	2	30720	399	8393	0,3,6,7,13	5	4	1,1,1,1,4	0	1	0	1	1	2	0	0	8	0	4	0	2
15	16441	1	2	5	2	30720	399	8390	1,2,6,7,13	5	4	1,1,1,1,4	0	1	0	1	1	2	0	0	8	0	4	0	2
15	16442	1	2	5	2	30720	399	8389	0,2,6,7,13	5	4	1,1,1,1,4	0	1	0	1	1	2	0	0	8	0	4	0	2
15	16444	1	2	5	2	30720	399	8387	0,1,6,7,13	5	4	1,1,1,1,4	0	1	0	1	1	2	0	0	8	0	4	0	2
15	16455	1	2	5	2	30720	399	8376	3,4,5,7,13	5	4	1,1,1,1,4	0	1	0	1	1	2	0	0	8	0	4	0	2
15	16459	1	2	5	2	30720	399	8372	2,4,5,7,13	5	4	1,1,1,1,4	0	1	0	1	1	2	0	0	8	0	4	0	2
15	16461	1	2	5	2	30720	399	8370	1,4,5,7,13	5	4	1,1,1,1,4	0	1	0	1	1	2	0	0	8	0	4	0	2
15	16462	1	2	5	2	30720	399	8369	0,4,5,7,13	5	4	1,1,1,1,4	0	1	0	1	1	2	0	0	8	0	4	0	2
15	16467	1	2	5	2	30720	399	8364	2,3,5,7,13	5	4	1,1,1,1,4	0	1	0	1	1	2	0	0	8	0	4	0	2
15	16469	1	2	5	2	30720	399	8362	1,3,5,7,13	5	4	1,1,1,1,4	0	1	0	1	1	2	0	0	8	0	4	0	2
15	16470	1	2	5	2	30720	399	8361	0,3,5,7,13	5	4	1,1,1,1,4	0	1	0	1	1	2	0	0	8	0	4	0	2
15	16473	1	2	5	2	30720	399	8358	1,2,5,7,13	5	4	1,1,1,1,4	0	1	0	1	1	2	0	0	8	0	4	0	2
15	16474	1	2	5	2	30720	399	8357	0,2,5,7,13	5	4	1,1,1,1,4	0	1	0	1	1	2	0	0	8	0	4	0	2
15	16476	1	2	5	2	30720	399	8355	0,1,5,7,13	5	4	1,1,1,1,4	0	1	0	1	1	2	0	0	8	0	4	0	2
15	16483	1	2	5	2	30720	399	8348	2,3,4,7,13	5	4	1,1,1,1,4	0	1	0	1	1	2	0	0	8	0	4	0	2
15	16485	1	2	5	2	30720	399	8346	1,3,4,7,13	5	4	1,1,1,1,4	0	1	0	1	1	2	0	0	8	0	4	0	2
15	16486	1	2	5	2	30720	399	8345	0,3,4,7,13	5	4	1,1,1,1,4	0	1	0	1	1	2	0	0	8	0	4	0	2
15	16489	1	2	5	2	30720	399	8342	1,2,4,7,13	5	4	1,1,1,1,4	0	1	0	1	1	2	0	0	8	0	4	0	2
15	16490	1	2	5	2	30720	399	8341	0,2,4,7,13	5	4	1,1,1,1,4	0	1	0	1	1	2	0	0	8	0	4	0	2
15	16492	1	2	5	2	30720	399	8339	0,1,4,7,13	5	4	1,1,1,1,4	0	1	0	1	1	2	0	0	8	0	4	0	2
15	16497	1	2	5	2	30720	399	8334	1,2,3,7,13	5	4	1,1,1,1,4	0	1	0	1	1	2	0	0	8	0	4	0	2
15	16498	1	2	5	2	30720	399	8333	0,2,3,7,13	5	4	1,1,1,1,4	0	1	0	1	1	2	0	0	8	0	4	0	2
15	16500	1	2	5	2	30720	399	8331	0,1,3,7,13	5	4	1,1,1,1,4	0	1	0	1	1	2	0	0	8	0	4	0	2
15	16504	1	2	5	2	30720	399	8327	0,1,2,7,13	5	4	1,1,1,1,4	0	1	0	1	1	2	0	0	8	0	4	0	2
15	16519	1	2	5	2	30720	399	8312	3,4,5,6,13	5	4	1,1,1,1,4	0	1	0	1	1	2	0	0	8	0	4	0	2
15	16523	1	2	5	2	30720	399	8308	2,4,5,6,13	5	4	1,1,1,1,4	0	1	0	1	1	2	0	0	8	0	4	0	2
15	16525	1	2	5	2	30720	399	8306	1,4,5,6,13	5	4	1,1,1,1,4	0	1	0	1	1	2	0	0	8	0	4	0	2
15	16526	1	2	5	2	30720	399	8305	0,4,5,6,13	5	4	1,1,1,1,4	0	1	0	1	1	2	0	0	8	0	4	0	2
15	16531	1	2	5	2	30720	399	8300	2,3,5,6,13	5	4	1,1,1,1,4	0	1	0	1	1	2	0	0	8	0	4	0	2
15	16533	1	2	5	2	30720	399	8298	1,3,5,6,13	5	4	1,1,1,1,4	0	1	0	1	1	2	0	0	8	0	4	0	2
15	16534	1	2	5	2	30720	399	8297	0,3,5,6,13	5	4	1,1,1,1,4	0	1	0	1	1	2	0	0	8	0	4	0	2
15	16537	1	2	5	2	30720	399	8294	1,2,5,6,13	5	4	1,1,1,1,4	0	1	0	1	1	2	0	0	8	0	4	0	2
15	16538	1	2	5	2	30720	399	8293	0,2,5,6,13	5	4	1,1,1,1,4	0	1	0	1	1	2	0	0	8	0	4	0	2
15	16540	1	2	5	2	30720	399	8291	0,1,5,6,13	5	4	1,1,1,1,4	0	1	0	1	1	2	0	0	8	0	4	0	2
15	16547	1	2	5	2	30720	399	8284	2,3,4,6,13	5	4	1,1,1,1,4	0	1	0	1	1	2	0	0	8	0	4	0	2
15	16549	1	2	5	2	30720	399	8282	1,3,4,6,13	5	4	1,1,1,1,4	0	1	0	1	1	2	0	0	8	0	4	0	2
15	16550	1	2	5	2	30720	399	8281	0,3,4,6,13	5	4	1,1,1,1,4	0	1	0	1	1	2	0	0	8	0	4	0	2
15	16553	1	2	5	2	30720	399	8278	1,2,4,6,13	5	4	1,1,1,1,4	0	1	0	1	1	2	0	0	8	0	4	0	2
15	16554	1	2	5	2	30720	399	8277	0,2,4,6,13	5	4	1,1,1,1,4	0	1	0	1	1	2	0	0	8	0	4	0	2
15	16556	1	2	5	2	30720	399	8275	0,1,4,6,13	5	4	1,1,1,1,4	0	1	0	1	1	2	0	0	8	0	4	0	2
15	16561	1	2	5	2	30720	399	8270	1,2,3,6,13	5	4	1,1,1,1,4	0	1	0	1	1	2	0	0	8	0	4	0	2
15	16562	1	2	5	2	30720	399	8269	0,2,3,6,13	5	4	1,1,1,1,4	0	1	0	1	1	2	0	0	8	0	4	0	2
15	16564	1	2	5	2	30720	399	8267	0,1,3,6,13	5	4	1,1,1,1,4	0	1	0	1	1	2	0	0	8	0	4	0	2
15	16568	1	2	5	2	30720	399	8263	0,1,2,6,13	5	4	1,1,1,1,4	0	1	0	1	1	2	0	0	8	0	4	0	2
15	16579	1	2	5	2	30720	399	8252	2,3,4,5,13	5	4	1,1,1,1,4	0	1	0	1	1	2	0	0	8	0	4	0	2
15	16581	1	2	5	2	30720	399	8250	1,3,4,5,13	5	4	1,1,1,1,4	0	1	0	1	1	2	0	0	8	0	4	0	2
15	16582	1	2	5	2	30720	399	8249	0,3,4,5,13	5	4	1,1,1,1,4	0	1	0	1	1	2	0	0	8	0	4	0	2
15	16585	1	2	5	2	30720	399	8246	1,2,4,5,13	5	4	1,1,1,1,4	0	1	0	1	1	2	0	0	8	0	4	0	2
15	16586	1	2	5	2	30720	399	8245	0,2,4,5,13	5	4	1,1,1,1,4	0	1	0	1	1	2	0	0	8	0	4	0	2
15	16588	1	2	5	2	30720	399	8243	0,1,4,5,13	5	4	1,1,1,1,4	0	1	0	1	1	2	0	0	8	0	4	0	2
15	16593	1	2	5	2	30720	399	8238	1,2,3,5,13	5	4	1,1,1,1,4	0	1	0	1	1	2	0	0	8	0	4	0	2
15	16594	1	2	5	2	30720	399	8237	0,2,3,5,13	5	4	1,1,1,1,4	0	1	0	1	1	2	0	0	8	0	4	0	2
15	16596	1	2	5	2	30720	399	8235	0,1,3,5,13	5	4	1,1,1,1,4	0	1	0	1	1	2	0	0	8	0	4	0	2
15	16600	1	2	5	2	30720	399	8231	0,1,2,5,13	5	4	1,1,1,1,4	0	1	0	1	1	2	0	0	8	0	4	0	2
15	16609	1	2	5	2	30720	399	8222	1,2,3,4,13	5	4	1,1,1,1,4	0	1	0	1	1	2	0	0	8	0	4	0	2
15	16610	1	2	5	2	30720	399	8221	0,2,3,4,13	5	4	1,1,1,1,4	0	1	0	1	1	2	0	0	8	0	4	0	2
15	16612	1	2	5	2	30720	399	8219	0,1,3,4,13	5	4	1,1,1,1,4	0	1	0	1	1	2	0	0	8	0	4	0	2
15	16616	1	2	5	2	30720	399	8215	0,1,2,4,13	5	4	1,1,1,1,4	0	1	0	1	1	2	0	0	8	0	4	0	2
15	16624	1	2	5	2	30720	399	8207	0,1,2,3,13	5	4	1,1,1,1,4	0	1	0	1	1	2	0	0	8	0	4	0	2
15	16647	1	2	4	2	30720	608	7680	9,10,11,12	4	4	2,2,2,2	0	1	0	0	1	2	0	0	4	0	4	0	2
15	16651	1	2	4	2	30720	608	7680	9,10,11,12	4	4	2,2,2,2	0	1	0	0	1	2	0	0	4	0	4	0	2
15	16653	1	2	4	2	30720	608	7680	9,10,11,12	4	4	2,2,2,2	0	1	0	0	1	2	0	0	4	0	4	0	2
15	16654	1	2	4	2	30720	608	7680	9,10,11,12	4	4	2,2,2,2	0	1	0	0	1	2	0	0	4	0	4	0	2
15	16659	1	2	4	2	30720	608	7680	9,10,11,12	4	4	2,2,2,2	0	1	0	0	1	2	0	0	4	0	4	0	2
15	16661	1	2	4	2	30720	608	7680	9,10,11,12	4	4	2,2,2,2	0	1	0	0	1	2	0	0	4	0	4	0	2
15	16662	1	2	4	2	30720	608	7680	9,10,11,12	4	4	2,2,2,2	0	1	0	0	1	2	0	0	4	0	4	0	2
15	16665	1	2	4	2	30720	608	7680	9,10,11,12	4	4	2,2,2,2	0	1	0	0	1	2	0	0	4	0	4	0	2
15	16666	1	2	4	2	30720	608	7680	9,10,11,12	4	4	2,2,2,2	0	1	0	0	1	2	0	0	4	0	4	0	2
15	16668	1	2	4	2	30720	608	7680	9,10,11,12	4	4	2,2,2,2	0	1	0	0	1	2	0	0	4	0	4	0	2
15	16675	1	2	4	2	30720	608	7680	9,10,11,12	4	4	2,2,2,2	0	1	0	0	1	2	0	0	4	0	4	0	2
15	16677	1	2	4	2	30720	608	7680	9,10,11,12	4	4	2,2,2,2	0	1	0	0	1	2	0	0	4	0	4	0	2
15	16678	1	2	4	2	30720	608	7680	9,10,11,12	4	4	2,2,2,2	0	1	0	0	1	2	0	0	4	0	4	0	2
15	16681	1	2	4	2	30720	608	7680	9,10,11,12	4	4	2,2,2,2	0	1	0	0	1	2	0	0	4	0	4	0	2
15	16682	1	2	4	2	30720	608	7680	9,10,11,12	4	4	2,2,2,2	0	1	0	0	1	2	0	0	4	0	4	0	2
15	16684	1	2	4	2	30720	608	7680	9,10,11,12	4	4	2,2,2,2	0	1	0	0	1	2	0	0	4	0	4	0	2
15	16689	1	2	4	2	30720	608	7680	9,10,11,12	4	4	2,2,2,2	0	1	0	0	1	2	0	0	4	0	4	0	2
15	16690	1	2	4	2	30720	608	7680	9,10,11,12	4	4	2,2,2,2	0	1	0	0	1	2	0	0	4	0	4	0	2
15	16692	1	2	4	2	30720	608	7680	9,10,11,12	4	4	2,2,2,2	0	1	0	0	1	2	0	0	4	0	4	0	2
15	16696	1	2	4	2	30720	608	7680	9,10,11,12	4	4	2,2,2,2	0	1	0	0	1	2	0	0	4	0	4	0	2
15	16707	1	2	4	2	30720	608	7680	9,10,11,12	4	4	2,2,2,2	0	1	0	0	1	2	0	0	4	0	4	0	2
15	16709	1	2	4	2	30720	608	7680	9,10,11,12	4	4	2,2,2,2	0	1	0	0	1	2	0	0	4	0	4	0	2
15	16710	1	2	4	2	30720	608	7680	9,10,11,12	4	4	2,2,2,2	0	1	0	0	1	2	0	0	4	0	4	0	2
15	16713	1	2	4	2	30720	608	7680	9,10,11,12	4	4	2,2,2,2	0	1	0	0	1	2	0	0	4	0	4	0	2
15	16714	1	2	4	2	30720	608	7680	9,10,11,12	4	4	2,2,2,2	0	1	0	0	1	2	0	0	4	0	4	0	2
15	16716	1	2	4	2	30720	608	7680	9,10,11,12	4	4	2,2,2,2	0	1	0	0	1	2	0	0	4	0	4	0	2
15	16721	1	2	4	2	30720	608	7680	9,10,11,12	4	4	2,2,2,2	0	1	0	0	1	2	0	0	4	0	4	0	2
15	16722	1	2	4	2	30720	608	7680	9,10,11,12	4	4	2,2,2,2	0	1	0	0	1	2	0	0	4	0	4	0	2
15	16724	1	2	4	2	30720	608	7680	9,10,11,12	4	4	2,2,2,2	0	1	0	0	1	2	0	0	4	0	4	0	2
15	16728	1	2	4	2	30720	608	7680	9,10,11,12	4	4	2,2,2,2	0	1	0	0	1	2	0	0	4	0	4	0	2
15	16737	1	2	4	2	30720	608	7680	9,10,11,12	4	4	2,2,2,2	0	1	0	0	1	2	0	0	4	0	4	0	2
15	16738	1	2	4	2	30720	608	7680	9,10,11,12	4	4	2,2,2,2	0	1	0	0	1	2	0	0	4	0	4	0	2
15	16740	1	2	4	2	30720	608	7680	9,10,11,12	4	4	2,2,2,2	0	1	0	0	1	2	0	0	4	0	4	0	2
15	16744	1	2	4	2	30720	608	7680	9,10,11,12	4	4	2,2,2,2	0	1	0	0	1	2	0	0	4	0	4	0	2
15	16752	1	2	4	2	30720	608	7680	9,10,11,12	4	4	2,2,2,2	0	1	0	0	1	2	0	0	4	0	4	0	2
15	16771	1	2	4	2	30720	608	7680	9,10,11,12	4	4	2,2,2,2	0	1	0	0	1	2	0	0	4	0	4	0	2
15	16773	1	2	4	2	30720	608	7680	9,10,11,12	4	4	2,2,2,2	0	1	0	0	1	2	0	0	4	0	4	0	2
15	16774	1	2	4	2	30720	608	7680	9,10,11,12	4	4	2,2,2,2	0	1	0	0	1	2	0	0	4	0	4	0	2
15	16777	1	2	4	2	30720	608	7680	9,10,11,12	4	4	2,2,2,2	0	1	0	0	1	2	0	0	4	0	4	0	2
15	16778	1	2	4	2	30720	608	7680	9,10,11,12	4	4	2,2,2,2	0	1	0	0	1	2	0	0	4	0	4	0	2
15	16780	1	2	4	2	30720	608	7680	9,10,11,12	4	4	2,2,2,2	0	1	0	0	1	2	0	0	4	0	4	0	2
15	16785	1	2	4	2	30720	608	7680	9,10,11,12	4	4	2,2,2,2	0	1	0	0	1	2	0	0	4	0	4	0	2
15	16786	1	2	4	2	30720	608	7680	9,10,11,12	4	4	2,2,2,2	0	1	0	0	1	2	0	0	4	0	4	0	2
15	16788	1	2	4	2	30720	608	7680	9,10,11,12	4	4	2,2,2,2	0	1	0	0	1	2	0	0	4	0	4	0	2
15	16792	1	2	4	2	30720	608	7680	9,10,11,12	4	4	2,2,2,2	0	1	0	0	1	2	0	0	4	0	4	0	2
15	16801	1	2	4	2	30720	608	7680	9,10,11,12	4	4	2,2,2,2	0	1	0	0	1	2	0	0	4	0	4	0	2
15	16802	1	2	4	2	30720	608	7680	9,10,11,12	4	4	2,2,2,2	0	1	0	0	1	2	0	0	4	0	4	0	2
15	16804	1	2	4	2	30720	608	7680	9,10,11,12	4	4	2,2,2,2	0	1	0	0	1	2	0	0	4	0	4	0	2
15	16808	1	2	4	2	30720	608	7680	9,10,11,12	4	4	2,2,2,2	0	1	0	0	1	2	0	0	4	0	4	0	2
15	16816	1	2	4	2	30720	608	7680	9,10,11,12	4	4	2,2,2,2	0	1	0	0	1	2	0	0	4	0	4	0	2
15	16833	1	2	4	2	30720	608	7680	9,10,11,12	4	4	2,2,2,2	0	1	0	0	1	2	0	0	4	0	4	0	2
15	16834	1	2	4	2	30720	608	7680	9,10,11,12	4	4	2,2,2,2	0	1	0	0	1	2	0	0	4	0	4	0	2
15	16836	1	2	4	2	30720	608	7680	9,10,11,12	4	4	2,2,2,2	0	1	0	0	1	2	0	0	4	0	4	0	2
15	16840	1	2	4	2	30720	608	7680	9,10,11,12	4	4	2,2,2,2	0	1	0	0	1	2	0	0	4	0	4	0	2
15	16848	1	2	4	2	30720	608	7680	9,10,11,12	4	4	2,2,2,2	0	1	0	0	1	2	0	0	4	0	4	0	2
15	16864	1	2	4	2	30720	608	7680	9,10,11,12	4	4	2,2,2,2	0	1	0	0	1	2	0	0	4	0	4	0	2
15	16903	1	2	4	2	30720	608	7424	8,10,11,12	4	4	2,2,2,2	0	1	0	0	1	2	0	0	4	0	4	0	2
15	16907	1	2	4	2	30720	608	7424	8,10,11,12	4	4	2,2,2,2	0	1	0	0	1	2	0	0	4	0	4	0	2
15	16909	1	2	4	2	30720	608	7424	8,10,11,12	4	4	2,2,2,2	0	1	0	0	1	2	0	0	4	0	4	0	2
15	16910	1	2	4	2	30720	608	7424	8,10,11,12	4	4	2,2,2,2	0	1	0	0	1	2	0	0	4	0	4	0	2
15	16915	1	2	4	2	30720	608	7424	8,10,11,12	4	4	2,2,2,2	0	1	0	0	1	2	0	0	4	0	4	0	2
15	16917	1	2	4	2	30720	608	7424	8,10,11,12	4	4	2,2,2,2	0	1	0	0	1	2	0	0	4	0	4	0	2
15	16918	1	2	4	2	30720	608	7424	8,10,11,12	4	4	2,2,2,2	0	1	0	0	1	2	0	0	4	0	4	0	2
15	16921	1	2	4	2	30720	608	7424	8,10,11,12	4	4	2,2,2,2	0	1	0	0	1	2	0	0	4	0	4	0	2
15	16922	1	2	4	2	30720	608	7424	8,10,11,12	4	4	2,2,2,2	0	1	0	0	1	2	0	0	4	0	4	0	2
15	16924	1	2	4	2	30720	608	7424	8,10,11,12	4	4	2,2,2,2	0	1	0	0	1	2	0	0	4	0	4	0	2
15	16931	1	2	4	2	30720	608	7424	8,10,11,12	4	4	2,2,2,2	0	1	0	0	1	2	0	0	4	0	4	0	2
15	16933	1	2	4	2	30720	608	7424	8,10,11,12	4	4	2,2,2,2	0	1	0	0	1	2	0	0	4	0	4	0	2
15	16934	1	2	4	2	30720	608	7424	8,10,11,12	4	4	2,2,2,2	0	1	0	0	1	2	0	0	4	0	4	0	2
15	16937	1	2	4	2	30720	608	7424	8,10,11,12	4	4	2,2,2,2	0	1	0	0	1	2	0	0	4	0	4	0	2
15	16938	1	2	4	2	30720	608	7424	8,10,11,12	4	4	2,2,2,2	0	1	0	0	1	2	0	0	4	0	4	0	2
15	16940	1	2	4	2	30720	608	7424	8,10,11,12	4	4	2,2,2,2	0	1	0	0	1	2	0	0	4	0	4	0	2
15	16945	1	2	4	2	30720	608	7424	8,10,11,12	4	4	2,2,2,2	0	1	0	0	1	2	0	0	4	0	4	0	2
15	16946	1	2	4	2	30720	608	7424	8,10,11,12	4	4	2,2,2,2	0	1	0	0	1	2	0	0	4	0	4	0	2
15	16948	1	2	4	2	30720	608	7424	8,10,11,12	4	4	2,2,2,2	0	1	0	0	1	2	0	0	4	0	4	0	2
15	16952	1	2	4	2	30720	608	7424	8,10,11,12	4	4	2,2,2,2	0	1	0	0	1	2	0	0	4	0	4	0	2
15	16963	1	2	4	2	30720	608	7424	8,10,11,12	4	4	2,2,2,2	0	1	0	0	1	2	0	0	4	0	4	0	2
15	16965	1	2	4	2	30720	608	7424	8,10,11,12	4	4	2,2,2,2	0	1	0	0	1	2	0	0	4	0	4	0	2
15	16966	1	2	4	2	30720	608	7424	8,10,11,12	4	4	2,2,2,2	0	1	0	0	1	2	0	0	4	0	4	0	2
15	16969	1	2	4	2	30720	608	7424	8,10,11,12	4	4	2,2,2,2	0	1	0	0	1	2	0	0	4	0	4	0	2
15	16970	1	2	4	2	30720	608	7424	8,10,11,12	4	4	2,2,2,2	0	1	0	0	1	2	0	0	4	0	4	0	2
15	16972	1	2	4	2	30720	608	7424	8,10,11,12	4	4	2,2,2,2	0	1	0	0	1	2	0	0	4	0	4	0	2
15	16977	1	2	4	2	30720	608	7424	8,10,11,12	4	4	2,2,2,2	0	1	0	0	1	2	0	0	4	0	4	0	2
15	16978	1	2	4	2	30720	608	7424	8,10,11,12	4	4	2,2,2,2	0	1	0	0	1	2	0	0	4	0	4	0	2
15	16980	1	2	4	2	30720	608	7424	8,10,11,12	4	4	2,2,2,2	0	1	0	0	1	2	0	0	4	0	4	0	2
15	16984	1	2	4	2	30720	608	7424	8,10,11,12	4	4	2,2,2,2	0	1	0	0	1	2	0	0	4	0	4	0	2
15	16993	1	2	4	2	30720	608	7424	8,10,11,12	4	4	2,2,2,2	0	1	0	0	1	2	0	0	4	0	4	0	2
15	16994	1	2	4	2	30720	608	7424	8,10,11,12	4	4	2,2,2,2	0	1	0	0	1	2	0	0	4	0	4	0	2
15	16996	1	2	4	2	30720	608	7424	8,10,11,12	4	4	2,2,2,2	0	1	0	0	1	2	0	0	4	0	4	0	2
15	17000	1	2	4	2	30720	608	7424	8,10,11,12	4	4	2,2,2,2	0	1	0	0	1	2	0	0	4	0	4	0	2
15	17008	1	2	4	2	30720	608	7424	8,10,11,12	4	4	2,2,2,2	0	1	0	0	1	2	0	0	4	0	4	0	2
15	17027	1	2	4	2	30720	608	7424	8,10,11,12	4	4	2,2,2,2	0	1	0	0	1	2	0	0	4	0	4	0	2
15	17029	1	2	4	2	30720	608	7424	8,10,11,12	4	4	2,2,2,2	0	1	0	0	1	2	0	0	4	0	4	0	2
15	17030	1	2	4	2	30720	608	7424	8,10,11,12	4	4	2,2,2,2	0	1	0	0	1	2	0	0	4	0	4	0	2
15	17033	1	2	4	2	30720	608	7424	8,10,11,12	4	4	2,2,2,2	0	1	0	0	1	2	0	0	4	0	4	0	2
15	17034	1	2	4	2	30720	608	7424	8,10,11,12	4	4	2,2,2,2	0	1	0	0	1	2	0	0	4	0	4	0	2
15	17036	1	2	4	2	30720	608	7424	8,10,11,12	4	4	2,2,2,2	0	1	0	0	1	2	0	0	4	0	4	0	2
15	17041	1	2	4	2	30720	608	7424	8,10,11,12	4	4	2,2,2,2	0	1	0	0	1	2	0	0	4	0	4	0	2
15	17042	1	2	4	2	30720	608	7424	8,10,11,12	4	4	2,2,2,2	0	1	0	0	1	2	0	0	4	0	4	0	2
15	17044	1	2	4	2	30720	608	7424	8,10,11,12	4	4	2,2,2,2	0	1	0	0	1	2	0	0	4	0	4	0	2
15	17048	1	2	4	2	30720	608	7424	8,10,11,12	4	4	2,2,2,2	0	1	0	0	1	2	0	0	4	0	4	0	2
15	17057	1	2	4	2	30720	608	7424	8,10,11,12	4	4	2,2,2,2	0	1	0	0	1	2	0	0	4	0	4	0	2
15	17058	1	2	4	2	30720	608	7424	8,10,11,12	4	4	2,2,2,2	0	1	0	0	1	2	0	0	4	0	4	0	2
15	17060	1	2	4	2	30720	608	7424	8,10,11,12	4	4	2,2,2,2	0	1	0	0	1	2	0	0	4	0	4	0	2
15	17064	1	2	4	2	30720	608	7424	8,10,11,12	4	4	2,2,2,2	0	1	0	0	1	2	0	0	4	0	4	0	2
15	17072	1	2	4	2	30720	608	7424	8,10,11,12	4	4	2,2,2,2	0	1	0	0	1	2	0	0	4	0	4	0	2
15	17089	1	2	4	2	30720	608	7424	8,10,11,12	4	4	2,2,2,2	0	1	0	0	1	2	0	0	4	0	4	0	2
15	17090	1	2	4	2	30720	608	7424	8,10,11,12	4	4	2,2,2,2	0	1	0	0	1	2	0	0	4	0	4	0	2
15	17092	1	2	4	2	30720	608	7424	8,10,11,12	4	4	2,2,2,2	0	1	0	0	1	2	0	0	4	0	4	0	2
15	17096	1	2	4	2	30720	608	7424	8,10,11,12	4	4	2,2,2,2	0	1	0	0	1	2	0	0	4	0	4	0	2
15	17104	1	2	4	2	30720	608	7424	8,10,11,12	4	4	2,2,2,2	0	1	0	0	1	2	0	0	4	0	4	0	2
15	17120	1	2	4	2	30720	608	7424	8,10,11,12	4	4	2,2,2,2	0	1	0	0	1	2	0	0	4	0	4	0	2
15	17155	1	2	3	2	30720	576	7168	10,11,12	3	2	1,1,2	0	1	1	1	1	2	0	0	5	0	2	0	2
15	17157	1	2	3	2	30720	576	7168	10,11,12	3	2	1,1,2	0	1	1	1	1	2	0	0	5	0	2	0	2
15	17158	1	2	3	2	30720	576	7168	10,11,12	3	2	1,1,2	0	1	1	1	1	2	0	0	5	0	2	0	2
15	17161	1	2	3	2	30720	576	7168	10,11,12	3	2	1,1,2	0	1	1	1	1	2	0	0	5	0	2	0	2
15	17162	1	2	3	2	30720	576	7168	10,11,12	3	2	1,1,2	0	1	1	1	1	2	0	0	5	0	2	0	2
15	17164	1	2	3	2	30720	576	7168	10,11,12	3	2	1,1,2	0	1	1	1	1	2	0	0	5	0	2	0	2
15	17169	1	2	3	2	30720	576	7168	10,11,12	3	2	1,1,2	0	1	1	1	1	2	0	0	5	0	2	0	2
15	17170	1	2	3	2	30720	576	7168	10,11,12	3	2	1,1,2	0	1	1	1	1	2	0	0	5	0	2	0	2
15	17172	1	2	3	2	30720	576	7168	10,11,12	3	2	1,1,2	0	1	1	1	1	2	0	0	5	0	2	0	2
15	17176	1	2	3	2	30720	576	7168	10,11,12	3	2	1,1,2	0	1	1	1	1	2	0	0	5	0	2	0	2
15	17185	1	2	3	2	30720	576	7168	10,11,12	3	2	1,1,2	0	1	1	1	1	2	0	0	5	0	2	0	2
15	17186	1	2	3	2	30720	576	7168	10,11,12	3	2	1,1,2	0	1	1	1	1	2	0	0	5	0	2	0	2
15	17188	1	2	3	2	30720	576	7168	10,11,12	3	2	1,1,2	0	1	1	1	1	2	0	0	5	0	2	0	2
15	17192	1	2	3	2	30720	576	7168	10,11,12	3	2	1,1,2	0	1	1	1	1	2	0	0	5	0	2	0	2
15	17200	1	2	3	2	30720	576	7168	10,11,12	3	2	1,1,2	0	1	1	1	1	2	0	0	5	0	2	0	2
15	17217	1	2	3	2	30720	576	7168	10,11,12	3	2	1,1,2	0	1	1	1	1	2	0	0	5	0	2	0	2
15	17218	1	2	3	2	30720	576	7168	10,11,12	3	2	1,1,2	0	1	1	1	1	2	0	0	5	0	2	0	2
15	17220	1	2	3	2	30720	576	7168	10,11,12	3	2	1,1,2	0	1	1	1	1	2	0	0	5	0	2	0	2
15	17224	1	2	3	2	30720	576	7168	10,11,12	3	2	1,1,2	0	1	1	1	1	2	0	0	5	0	2	0	2
15	17232	1	2	3	2	30720	576	7168	10,11,12	3	2	1,1,2	0	1	1	1	1	2	0	0	5	0	2	0	2
15	17248	1	2	3	2	30720	576	7168	10,11,12	3	2	1,1,2	0	1	1	1	1	2	0	0	5	0	2	0	2
15	17281	1	2	3	2	30720	576	7168	10,11,12	3	2	1,1,2	0	1	1	1	1	2	0	0	5	0	2	0	2
15	17282	1	2	3	2	30720	576	7168	10,11,12	3	2	1,1,2	0	1	1	1	1	2	0	0	5	0	2	0	2
15	17284	1	2	3	2	30720	576	7168	10,11,12	3	2	1,1,2	0	1	1	1	1	2	0	0	5	0	2	0	2
15	17288	1	2	3	2	30720	576	7168	10,11,12	3	2	1,1,2	0	1	1	1	1	2	0	0	5	0	2	0	2
15	17296	1	2	3	2	30720	576	7168	10,11,12	3	2	1,1,2	0	1	1	1	1	2	0	0	5	0	2	0	2
15	17312	1	2	3	2	30720	576	7168	10,11,12	3	2	1,1,2	0	1	1	1	1	2	0	0	5	0	2	0	2
15	17344	1	2	3	2	30720	576	7168	10,11,12	3	2	1,1,2	0	1	1	1	1	2	0	0	5	0	2	0	2
15	17415	1	2	4	2	30720	608	6912	8,9,11,12	4	4	2,2,2,2	0	1	0	0	1	2	0	0	4	0	4	0	2
15	17419	1	2	4	2	30720	608	6912	8,9,11,12	4	4	2,2,2,2	0	1	0	0	1	2	0	0	4	0	4	0	2
15	17421	1	2	4	2	30720	608	6912	8,9,11,12	4	4	2,2,2,2	0	1	0	0	1	2	0	0	4	0	4	0	2
15	17422	1	2	4	2	30720	608	6912	8,9,11,12	4	4	2,2,2,2	0	1	0	0	1	2	0	0	4	0	4	0	2
15	17427	1	2	4	2	30720	608	6912	8,9,11,12	4	4	2,2,2,2	0	1	0	0	1	2	0	0	4	0	4	0	2
15	17429	1	2	4	2	30720	608	6912	8,9,11,12	4	4	2,2,2,2	0	1	0	0	1	2	0	0	4	0	4	0	2
15	17430	1	2	4	2	30720	608	6912	8,9,11,12	4	4	2,2,2,2	0	1	0	0	1	2	0	0	4	0	4	0	2
15	17433	1	2	4	2	30720	608	6912	8,9,11,12	4	4	2,2,2,2	0	1	0	0	1	2	0	0	4	0	4	0	2
15	17434	1	2	4	2	30720	608	6912	8,9,11,12	4	4	2,2,2,2	0	1	0	0	1	2	0	0	4	0	4	0	2
15	17436	1	2	4	2	30720	608	6912	8,9,11,12	4	4	2,2,2,2	0	1	0	0	1	2	0	0	4	0	4	0	2
15	17443	1	2	4	2	30720	608	6912	8,9,11,12	4	4	2,2,2,2	0	1	0	0	1	2	0	0	4	0	4	0	2
15	17445	1	2	4	2	30720	608	6912	8,9,11,12	4	4	2,2,2,2	0	1	0	0	1	2	0	0	4	0	4	0	2
15	17446	1	2	4	2	30720	608	6912	8,9,11,12	4	4	2,2,2,2	0	1	0	0	1	2	0	0	4	0	4	0	2
15	17449	1	2	4	2	30720	608	6912	8,9,11,12	4	4	2,2,2,2	0	1	0	0	1	2	0	0	4	0	4	0	2
15	17450	1	2	4	2	30720	608	6912	8,9,11,12	4	4	2,2,2,2	0	1	0	0	1	2	0	0	4	0	4	0	2
15	17452	1	2	4	2	30720	608	6912	8,9,11,12	4	4	2,2,2,2	0	1	0	0	1	2	0	0	4	0	4	0	2
15	17457	1	2	4	2	30720	608	6912	8,9,11,12	4	4	2,2,2,2	0	1	0	0	1	2	0	0	4	0	4	0	2
15	17458	1	2	4	2	30720	608	6912	8,9,11,12	4	4	2,2,2,2	0	1	0	0	1	2	0	0	4	0	4	0	2
15	17460	1	2	4	2	30720	608	6912	8,9,11,12	4	4	2,2,2,2	0	1	0	0	1	2	0	0	4	0	4	0	2
15	17464	1	2	4	2	30720	608	6912	8,9,11,12	4	4	2,2,2,2	0	1	0	0	1	2	0	0	4	0	4	0	2
15	17475	1	2	4	2	30720	608	6912	8,9,11,12	4	4	2,2,2,2	0	1	0	0	1	2	0	0	4	0	4	0	2
15	17477	1	2	4	2	30720	608	6912	8,9,11,12	4	4	2,2,2,2	0	1	0	0	1	2	0	0	4	0	4	0	2
15	17478	1	2	4	2	30720	608	6912	8,9,11,12	4	4	2,2,2,2	0	1	0	0	1	2	0	0	4	0	4	0	2
15	17481	1	2	4	2	30720	608	6912	8,9,11,12	4	4	2,2,2,2	0	1	0	0	1	2	0	0	4	0	4	0	2
15	17482	1	2	4	2	30720	608	6912	8,9,11,12	4	4	2,2,2,2	0	1	0	0	1	2	0	0	4	0	4	0	2
15	17484	1	2	4	2	30720	608	6912	8,9,11,12	4	4	2,2,2,2	0	1	0	0	1	2	0	0	4	0	4	0	2
15	17489	1	2	4	2	30720	608	6912	8,9,11,12	4	4	2,2,2,2	0	1	0	0	1	2	0	0	4	0	4	0	2
15	17490	1	2	4	2	30720	608	6912	8,9,11,12	4	4	2,2,2,2	0	1	0	0	1	2	0	0	4	0	4	0	2
15	17492	1	2	4	2	30720	608	6912	8,9,11,12	4	4	2,2,2,2	0	1	0	0	1	2	0	0	4	0	4	0	2
15	17496	1	2	4	2	30720	608	6912	8,9,11,12	4	4	2,2,2,2	0	1	0	0	1	2	0	0	4	0	4	0	2
15	17505	1	2	4	2	30720	608	6912	8,9,11,12	4	4	2,2,2,2	0	1	0	0	1	2	0	0	4	0	4	0	2
15	17506	1	2	4	2	30720	608	6912	8,9,11,12	4	4	2,2,2,2	0	1	0	0	1	2	0	0	4	0	4	0	2
15	17508	1	2	4	2	30720	608	6912	8,9,11,12	4	4	2,2,2,2	0	1	0	0	1	2	0	0	4	0	4	0	2
15	17512	1	2	4	2	30720	608	6912	8,9,11,12	4	4	2,2,2,2	0	1	0	0	1	2	0	0	4	0	4	0	2
15	17520	1	2	4	2	30720	608	6912	8,9,11,12	4	4	2,2,2,2	0	1	0	0	1	2	0	0	4	0	4	0	2
15	17539	1	2	4	2	30720	608	6912	8,9,11,12	4	4	2,2,2,2	0	1	0	0	1	2	0	0	4	0	4	0	2
15	17541	1	2	4	2	30720	608	6912	8,9,11,12	4	4	2,2,2,2	0	1	0	0	1	2	0	0	4	0	4	0	2
15	17542	1	2	4	2	30720	608	6912	8,9,11,12	4	4	2,2,2,2	0	1	0	0	1	2	0	0	4	0	4	0	2
15	17545	1	2	4	2	30720	608	6912	8,9,11,12	4	4	2,2,2,2	0	1	0	0	1	2	0	0	4	0	4	0	2
15	17546	1	2	4	2	30720	608	6912	8,9,11,12	4	4	2,2,2,2	0	1	0	0	1	2	0	0	4	0	4	0	2
15	17548	1	2	4	2	30720	608	6912	8,9,11,12	4	4	2,2,2,2	0	1	0	0	1	2	0	0	4	0	4	0	2
15	17553	1	2	4	2	30720	608	6912	8,9,11,12	4	4	2,2,2,2	0	1	0	0	1	2	0	0	4	0	4	0	2
15	17554	1	2	4	2	30720	608	6912	8,9,11,12	4	4	2,2,2,2	0	1	0	0	1	2	0	0	4	0	4	0	2
15	17556	1	2	4	2	30720	608	6912	8,9,11,12	4	4	2,2,2,2	0	1	0	0	1	2	0	0	4	0	4	0	2
15	17560	1	2	4	2	30720	608	6912	8,9,11,12	4	4	2,2,2,2	0	1	0	0	1	2	0	0	4	0	4	0	2
15	17569	1	2	4	2	30720	608	6912	8,9,11,12	4	4	2,2,2,2	0	1	0	0	1	2	0	0	4	0	4	0	2
15	17570	1	2	4	2	30720	608	6912	8,9,11,12	4	4	2,2,2,2	0	1	0	0	1	2	0	0	4	0	4	0	2
15	17572	1	2	4	2	30720	608	6912	8,9,11,12	4	4	2,2,2,2	0	1	0	0	1	2	0	0	4	0	4	0	2
15	17576	1	2	4	2	30720	608	6912	8,9,11,12	4	4	2,2,2,2	0	1	0	0	1	2	0	0	4	0	4	0	2
15	17584	1	2	4	2	30720	608	6912	8,9,11,12	4	4	2,2,2,2	0	1	0	0	1	2	0	0	4	0	4	0	2
15	17601	1	2	4	2	30720	608	6912	8,9,11,12	4	4	2,2,2,2	0	1	0	0	1	2	0	0	4	0	4	0	2
15	17602	1	2	4	2	30720	608	6912	8,9,11,12	4	4	2,2,2,2	0	1	0	0	1	2	0	0	4	0	4	0	2
15	17604	1	2	4	2	30720	608	6912	8,9,11,12	4	4	2,2,2,2	0	1	0	0	1	2	0	0	4	0	4	0	2
15	17608	1	2	4	2	30720	608	6912	8,9,11,12	4	4	2,2,2,2	0	1	0	0	1	2	0	0	4	0	4	0	2
15	17616	1	2	4	2	30720	608	6912	8,9,11,12	4	4	2,2,2,2	0	1	0	0	1	2	0	0	4	0	4	0	2
15	17632	1	2	4	2	30720	608	6912	8,9,11,12	4	4	2,2,2,2	0	1	0	0	1	2	0	0	4	0	4	0	2
15	17667	1	2	3	2	30720	576	6656	9,11,12	3	2	1,1,2	0	1	1	1	1	2	0	0	5	0	2	0	2
15	17669	1	2	3	2	30720	576	6656	9,11,12	3	2	1,1,2	0	1	1	1	1	2	0	0	5	0	2	0	2
15	17670	1	2	3	2	30720	576	6656	9,11,12	3	2	1,1,2	0	1	1	1	1	2	0	0	5	0	2	0	2
15	17673	1	2	3	2	30720	576	6656	9,11,12	3	2	1,1,2	0	1	1	1	1	2	0	0	5	0	2	0	2
15	17674	1	2	3	2	30720	576	6656	9,11,12	3	2	1,1,2	0	1	1	1	1	2	0	0	5	0	2	0	2
15	17676	1	2	3	2	30720	576	6656	9,11,12	3	2	1,1,2	0	1	1	1	1	2	0	0	5	0	2	0	2
15	17681	1	2	3	2	30720	576	6656	9,11,12	3	2	1,1,2	0	1	1	1	1	2	0	0	5	0	2	0	2
15	17682	1	2	3	2	30720	576	6656	9,11,12	3	2	1,1,2	0	1	1	1	1	2	0	0	5	0	2	0	2
15	17684	1	2	3	2	30720	576	6656	9,11,12	3	2	1,1,2	0	1	1	1	1	2	0	0	5	0	2	0	2
15	17688	1	2	3	2	30720	576	6656	9,11,12	3	2	1,1,2	0	1	1	1	1	2	0	0	5	0	2	0	2
15	17697	1	2	3	2	30720	576	6656	9,11,12	3	2	1,1,2	0	1	1	1	1	2	0	0	5	0	2	0	2
15	17698	1	2	3	2	30720	576	6656	9,11,12	3	2	1,1,2	0	1	1	1	1	2	0	0	5	0	2	0	2
15	17700	1	2	3	2	30720	576	6656	9,11,12	3	2	1,1,2	0	1	1	1	1	2	0	0	5	0	2	0	2
15	17704	1	2	3	2	30720	576	6656	9,11,12	3	2	1,1,2	0	1	1	1	1	2	0	0	5	0	2	0	2
15	17712	1	2	3	2	30720	576	6656	9,11,12	3	2	1,1,2	0	1	1	1	1	2	0	0	5	0	2	0	2
15	17729	1	2	3	2	30720	576	6656	9,11,12	3	2	1,1,2	0	1	1	1	1	2	0	0	5	0	2	0	2
15	17730	1	2	3	2	30720	576	6656	9,11,12	3	2	1,1,2	0	1	1	1	1	2	0	0	5	0	2	0	2
15	17732	1	2	3	2	30720	576	6656	9,11,12	3	2	1,1,2	0	1	1	1	1	2	0	0	5	0	2	0	2
15	17736	1	2	3	2	30720	576	6656	9,11,12	3	2	1,1,2	0	1	1	1	1	2	0	0	5	0	2	0	2
15	17744	1	2	3	2	30720	576	6656	9,11,12	3	2	1,1,2	0	1	1	1	1	2	0	0	5	0	2	0	2
15	17760	1	2	3	2	30720	576	6656	9,11,12	3	2	1,1,2	0	1	1	1	1	2	0	0	5	0	2	0	2
15	17793	1	2	3	2	30720	576	6656	9,11,12	3	2	1,1,2	0	1	1	1	1	2	0	0	5	0	2	0	2
15	17794	1	2	3	2	30720	576	6656	9,11,12	3	2	1,1,2	0	1	1	1	1	2	0	0	5	0	2	0	2
15	17796	1	2	3	2	30720	576	6656	9,11,12	3	2	1,1,2	0	1	1	1	1	2	0	0	5	0	2	0	2
15	17800	1	2	3	2	30720	576	6656	9,11,12	3	2	1,1,2	0	1	1	1	1	2	0	0	5	0	2	0	2
15	17808	1	2	3	2	30720	576	6656	9,11,12	3	2	1,1,2	0	1	1	1	1	2	0	0	5	0	2	0	2
15	17824	1	2	3	2	30720	576	6656	9,11,12	3	2	1,1,2	0	1	1	1	1	2	0	0	5	0	2	0	2
15	17856	1	2	3	2	30720	576	6656	9,11,12	3	2	1,1,2	0	1	1	1	1	2	0	0	5	0	2	0	2
15	17923	1	2	3	2	30720	576	6400	8,11,12	3	2	1,1,2	0	1	1	1	1	2	0	0	5	0	2	0	2
15	17925	1	2	3	2	30720	576	6400	8,11,12	3	2	1,1,2	0	1	1	1	1	2	0	0	5	0	2	0	2
15	17926	1	2	3	2	30720	576	6400	8,11,12	3	2	1,1,2	0	1	1	1	1	2	0	0	5	0	2	0	2
15	17929	1	2	3	2	30720	576	6400	8,11,12	3	2	1,1,2	0	1	1	1	1	2	0	0	5	0	2	0	2
15	17930	1	2	3	2	30720	576	6400	8,11,12	3	2	1,1,2	0	1	1	1	1	2	0	0	5	0	2	0	2
15	17932	1	2	3	2	30720	576	6400	8,11,12	3	2	1,1,2	0	1	1	1	1	2	0	0	5	0	2	0	2
15	17937	1	2	3	2	30720	576	6400	8,11,12	3	2	1,1,2	0	1	1	1	1	2	0	0	5	0	2	0	2
15	17938	1	2	3	2	30720	576	6400	8,11,12	3	2	1,1,2	0	1	1	1	1	2	0	0	5	0	2	0	2
15	17940	1	2	3	2	30720	576	6400	8,11,12	3	2	1,1,2	0	1	1	1	1	2	0	0	5	0	2	0	2
15	17944	1	2	3	2	30720	576	6400	8,11,12	3	2	1,1,2	0	1	1	1	1	2	0	0	5	0	2	0	2
15	17953	1	2	3	2	30720	576	6400	8,11,12	3	2	1,1,2	0	1	1	1	1	2	0	0	5	0	2	0	2
15	17954	1	2	3	2	30720	576	6400	8,11,12	3	2	1,1,2	0	1	1	1	1	2	0	0	5	0	2	0	2
15	17956	1	2	3	2	30720	576	6400	8,11,12	3	2	1,1,2	0	1	1	1	1	2	0	0	5	0	2	0	2
15	17960	1	2	3	2	30720	576	6400	8,11,12	3	2	1,1,2	0	1	1	1	1	2	0	0	5	0	2	0	2
15	17968	1	2	3	2	30720	576	6400	8,11,12	3	2	1,1,2	0	1	1	1	1	2	0	0	5	0	2	0	2
15	17985	1	2	3	2	30720	576	6400	8,11,12	3	2	1,1,2	0	1	1	1	1	2	0	0	5	0	2	0	2
15	17986	1	2	3	2	30720	576	6400	8,11,12	3	2	1,1,2	0	1	1	1	1	2	0	0	5	0	2	0	2
15	17988	1	2	3	2	30720	576	6400	8,11,12	3	2	1,1,2	0	1	1	1	1	2	0	0	5	0	2	0	2
15	17992	1	2	3	2	30720	576	6400	8,11,12	3	2	1,1,2	0	1	1	1	1	2	0	0	5	0	2	0	2
15	18000	1	2	3	2	30720	576	6400	8,11,12	3	2	1,1,2	0	1	1	1	1	2	0	0	5	0	2	0	2
15	18016	1	2	3	2	30720	576	6400	8,11,12	3	2	1,1,2	0	1	1	1	1	2	0	0	5	0	2	0	2
15	18049	1	2	3	2	30720	576	6400	8,11,12	3	2	1,1,2	0	1	1	1	1	2	0	0	5	0	2	0	2
15	18050	1	2	3	2	30720	576	6400	8,11,12	3	2	1,1,2	0	1	1	1	1	2	0	0	5	0	2	0	2
15	18052	1	2	3	2	30720	576	6400	8,11,12	3	2	1,1,2	0	1	1	1	1	2	0	0	5	0	2	0	2
15	18056	1	2	3	2	30720	576	6400	8,11,12	3	2	1,1,2	0	1	1	1	1	2	0	0	5	0	2	0	2
15	18064	1	2	3	2	30720	576	6400	8,11,12	3	2	1,1,2	0	1	1	1	1	2	0	0	5	0	2	0	2
15	18080	1	2	3	2	30720	576	6400	8,11,12	3	2	1,1,2	0	1	1	1	1	2	0	0	5	0	2	0	2
15	18112	1	2	3	2	30720	576	6400	8,11,12	3	2	1,1,2	0	1	1	1	1	2	0	0	5	0	2	0	2
15	18177	1	2	2	2	30720	512	6144	11,12	2	0	0,0	1	0	0	0	1	2	0	0	6	0	0	0	2
15	18178	1	2	2	2	30720	512	6144	11,12	2	0	0,0	1	0	0	0	1	2	0	0	6	0	0	0	2
15	18180	1	2	2	2	30720	512	6144	11,12	2	0	0,0	1	0	0	0	1	2	0	0	6	0	0	0	2
15	18184	1	2	2	2	30720	512	6144	11,12	2	0	0,0	1	0	0	0	1	2	0	0	6	0	0	0	2
15	18192	1	2	2	2	30720	512	6144	11,12	2	0	0,0	1	0	0	0	1	2	0	0	6	0	0	0	2
15	18208	1	2	2	2	30720	512	6144	11,12	2	0	0,0	1	0	0	0	1	2	0	0	6	0	0	0	2
15	18240	1	2	2	2	30720	512	6144	11,12	2	0	0,0	1	0	0	0	1	2	0	0	6	0	0	0	2
15	18304	1	2	2	2	30720	512	6144	11,12	2	0	0,0	1	0	0	0	1	2	0	0	6	0	0	0	2
15	18439	1	2	4	1	30720	736	5888	8,9,10,12	4	3	1,1,1,3	0	1	0	1	1	1	0	0	6	0	3	1	1
15	18443	1	2	4	1	30720	736	5888	8,9,10,12	4	3	1,1,1,3	0	1	0	1	1	1	0	0	6	0	3	1	1
15	18445	1	2	4	1	30720	736	5888	8,9,10,12	4	3	1,1,1,3	0	1	0	1	1	1	0	0	6	0	3	1	1
15	18446	1	2	4	1	30720	736	5888	8,9,10,12	4	3	1,1,1,3	0	1	0	1	1	1	0	0	6	0	3	1	1
15	18451	1	2	4	1	30720	736	5888	8,9,10,12	4	3	1,1,1,3	0	1	0	1	1	1	0	0	6	0	3	1	1
15	18453	1	2	4	1	30720	736	5888	8,9,10,12	4	3	1,1,1,3	0	1	0	1	1	1	0	0	6	0	3	1	1
15	18454	1	2	4	1	30720	736	5888	8,9,10,12	4	3	1,1,1,3	0	1	0	1	1	1	0	0	6	0	3	1	1
15	18457	1	2	4	1	30720	736	5888	8,9,10,12	4	3	1,1,1,3	0	1	0	1	1	1	0	0	6	0	3	1	1
15	18458	1	2	4	1	30720	736	5888	8,9,10,12	4	3	1,1,1,3	0	1	0	1	1	1	0	0	6	0	3	1	1
15	18460	1	2	4	1	30720	736	5888	8,9,10,12	4	3	1,1,1,3	0	1	0	1	1	1	0	0	6	0	3	1	1
15	18467	1	2	4	1	30720	736	5888	8,9,10,12	4	3	1,1,1,3	0	1	0	1	1	1	0	0	6	0	3	1	1
15	18469	1	2	4	1	30720	736	5888	8,9,10,12	4	3	1,1,1,3	0	1	0	1	1	1	0	0	6	0	3	1	1
15	18470	1	2	4	1	30720	736	5888	8,9,10,12	4	3	1,1,1,3	0	1	0	1	1	1	0	0	6	0	3	1	1
15	18473	1	2	4	1	30720	736	5888	8,9,10,12	4	3	1,1,1,3	0	1	0	1	1	1	0	0	6	0	3	1	1
15	18474	1	2	4	1	30720	736	5888	8,9,10,12	4	3	1,1,1,3	0	1	0	1	1	1	0	0	6	0	3	1	1
15	18476	1	2	4	1	30720	736	5888	8,9,10,12	4	3	1,1,1,3	0	1	0	1	1	1	0	0	6	0	3	1	1
15	18481	1	2	4	1	30720	736	5888	8,9,10,12	4	3	1,1,1,3	0	1	0	1	1	1	0	0	6	0	3	1	1
15	18482	1	2	4	1	30720	736	5888	8,9,10,12	4	3	1,1,1,3	0	1	0	1	1	1	0	0	6	0	3	1	1
15	18484	1	2	4	1	30720	736	5888	8,9,10,12	4	3	1,1,1,3	0	1	0	1	1	1	0	0	6	0	3	1	1
15	18488	1	2	4	1	30720	736	5888	8,9,10,12	4	3	1,1,1,3	0	1	0	1	1	1	0	0	6	0	3	1	1
15	18499	1	2	4	1	30720	736	5888	8,9,10,12	4	3	1,1,1,3	0	1	0	1	1	1	0	0	6	0	3	1	1
15	18501	1	2	4	1	30720	736	5888	8,9,10,12	4	3	1,1,1,3	0	1	0	1	1	1	0	0	6	0	3	1	1
15	18502	1	2	4	1	30720	736	5888	8,9,10,12	4	3	1,1,1,3	0	1	0	1	1	1	0	0	6	0	3	1	1
15	18505	1	2	4	1	30720	736	5888	8,9,10,12	4	3	1,1,1,3	0	1	0	1	1	1	0	0	6	0	3	1	1
15	18506	1	2	4	1	30720	736	5888	8,9,10,12	4	3	1,1,1,3	0	1	0	1	1	1	0	0	6	0	3	1	1
15	18508	1	2	4	1	30720	736	5888	8,9,10,12	4	3	1,1,1,3	0	1	0	1	1	1	0	0	6	0	3	1	1
15	18513	1	2	4	1	30720	736	5888	8,9,10,12	4	3	1,1,1,3	0	1	0	1	1	1	0	0	6	0	3	1	1
15	18514	1	2	4	1	30720	736	5888	8,9,10,12	4	3	1,1,1,3	0	1	0	1	1	1	0	0	6	0	3	1	1
15	18516	1	2	4	1	30720	736	5888	8,9,10,12	4	3	1,1,1,3	0	1	0	1	1	1	0	0	6	0	3	1	1
15	18520	1	2	4	1	30720	736	5888	8,9,10,12	4	3	1,1,1,3	0	1	0	1	1	1	0	0	6	0	3	1	1
15	18529	1	2	4	1	30720	736	5888	8,9,10,12	4	3	1,1,1,3	0	1	0	1	1	1	0	0	6	0	3	1	1
15	18530	1	2	4	1	30720	736	5888	8,9,10,12	4	3	1,1,1,3	0	1	0	1	1	1	0	0	6	0	3	1	1
15	18532	1	2	4	1	30720	736	5888	8,9,10,12	4	3	1,1,1,3	0	1	0	1	1	1	0	0	6	0	3	1	1
15	18536	1	2	4	1	30720	736	5888	8,9,10,12	4	3	1,1,1,3	0	1	0	1	1	1	0	0	6	0	3	1	1
15	18544	1	2	4	1	30720	736	5888	8,9,10,12	4	3	1,1,1,3	0	1	0	1	1	1	0	0	6	0	3	1	1
15	18563	1	2	4	1	30720	736	5888	8,9,10,12	4	3	1,1,1,3	0	1	0	1	1	1	0	0	6	0	3	1	1
15	18565	1	2	4	1	30720	736	5888	8,9,10,12	4	3	1,1,1,3	0	1	0	1	1	1	0	0	6	0	3	1	1
15	18566	1	2	4	1	30720	736	5888	8,9,10,12	4	3	1,1,1,3	0	1	0	1	1	1	0	0	6	0	3	1	1
15	18569	1	2	4	1	30720	736	5888	8,9,10,12	4	3	1,1,1,3	0	1	0	1	1	1	0	0	6	0	3	1	1
15	18570	1	2	4	1	30720	736	5888	8,9,10,12	4	3	1,1,1,3	0	1	0	1	1	1	0	0	6	0	3	1	1
15	18572	1	2	4	1	30720	736	5888	8,9,10,12	4	3	1,1,1,3	0	1	0	1	1	1	0	0	6	0	3	1	1
15	18577	1	2	4	1	30720	736	5888	8,9,10,12	4	3	1,1,1,3	0	1	0	1	1	1	0	0	6	0	3	1	1
15	18578	1	2	4	1	30720	736	5888	8,9,10,12	4	3	1,1,1,3	0	1	0	1	1	1	0	0	6	0	3	1	1
15	18580	1	2	4	1	30720	736	5888	8,9,10,12	4	3	1,1,1,3	0	1	0	1	1	1	0	0	6	0	3	1	1
15	18584	1	2	4	1	30720	736	5888	8,9,10,12	4	3	1,1,1,3	0	1	0	1	1	1	0	0	6	0	3	1	1
15	18593	1	2	4	1	30720	736	5888	8,9,10,12	4	3	1,1,1,3	0	1	0	1	1	1	0	0	6	0	3	1	1
15	18594	1	2	4	1	30720	736	5888	8,9,10,12	4	3	1,1,1,3	0	1	0	1	1	1	0	0	6	0	3	1	1
15	18596	1	2	4	1	30720	736	5888	8,9,10,12	4	3	1,1,1,3	0	1	0	1	1	1	0	0	6	0	3	1	1
15	18600	1	2	4	1	30720	736	5888	8,9,10,12	4	3	1,1,1,3	0	1	0	1	1	1	0	0	6	0	3	1	1
15	18608	1	2	4	1	30720	736	5888	8,9,10,12	4	3	1,1,1,3	0	1	0	1	1	1	0	0	6	0	3	1	1
15	18625	1	2	4	1	30720	736	5888	8,9,10,12	4	3	1,1,1,3	0	1	0	1	1	1	0	0	6	0	3	1	1
15	18626	1	2	4	1	30720	736	5888	8,9,10,12	4	3	1,1,1,3	0	1	0	1	1	1	0	0	6	0	3	1	1
15	18628	1	2	4	1	30720	736	5888	8,9,10,12	4	3	1,1,1,3	0	1	0	1	1	1	0	0	6	0	3	1	1
15	18632	1	2	4	1	30720	736	5888	8,9,10,12	4	3	1,1,1,3	0	1	0	1	1	1	0	0	6	0	3	1	1
15	18640	1	2	4	1	30720	736	5888	8,9,10,12	4	3	1,1,1,3	0	1	0	1	1	1	0	0	6	0	3	1	1
15	18656	1	2	4	1	30720	736	5888	8,9,10,12	4	3	1,1,1,3	0	1	0	1	1	1	0	0	6	0	3	1	1
15	18691	1	2	3	1	30720	704	5632	9,10,12	3	2	1,1,2	0	1	1	1	1	1	0	0	5	0	2	1	1
15	18693	1	2	3	1	30720	704	5632	9,10,12	3	2	1,1,2	0	1	1	1	1	1	0	0	5	0	2	1	1
15	18694	1	2	3	1	30720	704	5632	9,10,12	3	2	1,1,2	0	1	1	1	1	1	0	0	5	0	2	1	1
15	18697	1	2	3	1	30720	704	5632	9,10,12	3	2	1,1,2	0	1	1	1	1	1	0	0	5	0	2	1	1
15	18698	1	2	3	1	30720	704	5632	9,10,12	3	2	1,1,2	0	1	1	1	1	1	0	0	5	0	2	1	1
15	18700	1	2	3	1	30720	704	5632	9,10,12	3	2	1,1,2	0	1	1	1	1	1	0	0	5	0	2	1	1
15	18705	1	2	3	1	30720	704	5632	9,10,12	3	2	1,1,2	0	1	1	1	1	1	0	0	5	0	2	1	1
15	18706	1	2	3	1	30720	704	5632	9,10,12	3	2	1,1,2	0	1	1	1	1	1	0	0	5	0	2	1	1
15	18708	1	2	3	1	30720	704	5632	9,10,12	3	2	1,1,2	0	1	1	1	1	1	0	0	5	0	2	1	1
15	18712	1	2	3	1	30720	704	5632	9,10,12	3	2	1,1,2	0	1	1	1	1	1	0	0	5	0	2	1	1
15	18721	1	2	3	1	30720	704	5632	9,10,12	3	2	1,1,2	0	1	1	1	1	1	0	0	5	0	2	1	1
15	18722	1	2	3	1	30720	704	5632	9,10,12	3	2	1,1,2	0	1	1	1	1	1	0	0	5	0	2	1	1
15	18724	1	2	3	1	30720	704	5632	9,10,12	3	2	1,1,2	0	1	1	1	1	1	0	0	5	0	2	1	1
15	18728	1	2	3	1	30720	704	5632	9,10,12	3	2	1,1,2	0	1	1	1	1	1	0	0	5	0	2	1	1
15	18736	1	2	3	1	30720	704	5632	9,10,12	3	2	1,1,2	0	1	1	1	1	1	0	0	5	0	2	1	1
15	18753	1	2	3	1	30720	704	5632	9,10,12	3	2	1,1,2	0	1	1	1	1	1	0	0	5	0	2	1	1
15	18754	1	2	3	1	30720	704	5632	9,10,12	3	2	1,1,2	0	1	1	1	1	1	0	0	5	0	2	1	1
15	18756	1	2	3	1	30720	704	5632	9,10,12	3	2	1,1,2	0	1	1	1	1	1	0	0	5	0	2	1	1
15	18760	1	2	3	1	30720	704	5632	9,10,12	3	2	1,1,2	0	1	1	1	1	1	0	0	5	0	2	1	1
15	18768	1	2	3	1	30720	704	5632	9,10,12	3	2	1,1,2	0	1	1	1	1	1	0	0	5	0	2	1	1
15	18784	1	2	3	1	30720	704	5632	9,10,12	3	2	1,1,2	0	1	1	1	1	1	0	0	5	0	2	1	1
15	18817	1	2	3	1	30720	704	5632	9,10,12	3	2	1,1,2	0	1	1	1	1	1	0	0	5	0	2	1	1
15	18818	1	2	3	1	30720	704	5632	9,10,12	3	2	1,1,2	0	1	1	1	1	1	0	0	5	0	2	1	1
15	18820	1	2	3	1	30720	704	5632	9,10,12	3	2	1,1,2	0	1	1	1	1	1	0	0	5	0	2	1	1
15	18824	1	2	3	1	30720	704	5632	9,10,12	3	2	1,1,2	0	1	1	1	1	1	0	0	5	0	2	1	1
15	18832	1	2	3	1	30720	704	5632	9,10,12	3	2	1,1,2	0	1	1	1	1	1	0	0	5	0	2	1	1
15	18848	1	2	3	1	30720	704	5632	9,10,12	3	2	1,1,2	0	1	1	1	1	1	0	0	5	0	2	1	1
15	18880	1	2	3	1	30720	704	5632	9,10,12	3	2	1,1,2	0	1	1	1	1	1	0	0	5	0	2	1	1
15	18947	1	2	3	1	30720	704	5376	8,10,12	3	2	1,1,2	0	1	1	1	1	1	0	0	5	0	2	1	1
15	18949	1	2	3	1	30720	704	5376	8,10,12	3	2	1,1,2	0	1	1	1	1	1	0	0	5	0	2	1	1
15	18950	1	2	3	1	30720	704	5376	8,10,12	3	2	1,1,2	0	1	1	1	1	1	0	0	5	0	2	1	1
15	18953	1	2	3	1	30720	704	5376	8,10,12	3	2	1,1,2	0	1	1	1	1	1	0	0	5	0	2	1	1
15	18954	1	2	3	1	30720	704	5376	8,10,12	3	2	1,1,2	0	1	1	1	1	1	0	0	5	0	2	1	1
15	18956	1	2	3	1	30720	704	5376	8,10,12	3	2	1,1,2	0	1	1	1	1	1	0	0	5	0	2	1	1
15	18961	1	2	3	1	30720	704	5376	8,10,12	3	2	1,1,2	0	1	1	1	1	1	0	0	5	0	2	1	1
15	18962	1	2	3	1	30720	704	5376	8,10,12	3	2	1,1,2	0	1	1	1	1	1	0	0	5	0	2	1	1
15	18964	1	2	3	1	30720	704	5376	8,10,12	3	2	1,1,2	0	1	1	1	1	1	0	0	5	0	2	1	1
15	18968	1	2	3	1	30720	704	5376	8,10,12	3	2	1,1,2	0	1	1	1	1	1	0	0	5	0	2	1	1
15	18977	1	2	3	1	30720	704	5376	8,10,12	3	2	1,1,2	0	1	1	1	1	1	0	0	5	0	2	1	1
15	18978	1	2	3	1	30720	704	5376	8,10,12	3	2	1,1,2	0	1	1	1	1	1	0	0	5	0	2	1	1
15	18980	1	2	3	1	30720	704	5376	8,10,12	3	2	1,1,2	0	1	1	1	1	1	0	0	5	0	2	1	1
15	18984	1	2	3	1	30720	704	5376	8,10,12	3	2	1,1,2	0	1	1	1	1	1	0	0	5	0	2	1	1
15	18992	1	2	3	1	30720	704	5376	8,10,12	3	2	1,1,2	0	1	1	1	1	1	0	0	5	0	2	1	1
15	19009	1	2	3	1	30720	704	5376	8,10,12	3	2	1,1,2	0	1	1	1	1	1	0	0	5	0	2	1	1
15	19010	1	2	3	1	30720	704	5376	8,10,12	3	2	1,1,2	0	1	1	1	1	1	0	0	5	0	2	1	1
15	19012	1	2	3	1	30720	704	5376	8,10,12	3	2	1,1,2	0	1	1	1	1	1	0	0	5	0	2	1	1
15	19016	1	2	3	1	30720	704	5376	8,10,12	3	2	1,1,2	0	1	1	1	1	1	0	0	5	0	2	1	1
15	19024	1	2	3	1	30720	704	5376	8,10,12	3	2	1,1,2	0	1	1	1	1	1	0	0	5	0	2	1	1
15	19040	1	2	3	1	30720	704	5376	8,10,12	3	2	1,1,2	0	1	1	1	1	1	0	0	5	0	2	1	1
15	19073	1	2	3	1	30720	704	5376	8,10,12	3	2	1,1,2	0	1	1	1	1	1	0	0	5	0	2	1	1
15	19074	1	2	3	1	30720	704	5376	8,10,12	3	2	1,1,2	0	1	1	1	1	1	0	0	5	0	2	1	1
15	19076	1	2	3	1	30720	704	5376	8,10,12	3	2	1,1,2	0	1	1	1	1	1	0	0	5	0	2	1	1
15	19080	1	2	3	1	30720	704	5376	8,10,12	3	2	1,1,2	0	1	1	1	1	1	0	0	5	0	2	1	1
15	19088	1	2	3	1	30720	704	5376	8,10,12	3	2	1,1,2	0	1	1	1	1	1	0	0	5	0	2	1	1
15	19104	1	2	3	1	30720	704	5376	8,10,12	3	2	1,1,2	0	1	1	1	1	1	0	0	5	0	2	1	1
15	19136	1	2	3	1	30720	704	5376	8,10,12	3	2	1,1,2	0	1	1	1	1	1	0	0	5	0	2	1	1
15	19201	1	2	2	1	30720	640	5120	10,12	2	1	1,1	0	1	1	1	1	1	0	0	4	0	1	1	1
15	19202	1	2	2	1	30720	640	5120	10,12	2	1	1,1	0	1	1	1	1	1	0	0	4	0	1	1	1
15	19204	1	2	2	1	30720	640	5120	10,12	2	1	1,1	0	1	1	1	1	1	0	0	4	0	1	1	1
15	19208	1	2	2	1	30720	640	5120	10,12	2	1	1,1	0	1	1	1	1	1	0	0	4	0	1	1	1
15	19216	1	2	2	1	30720	640	5120	10,12	2	1	1,1	0	1	1	1	1	1	0	0	4	0	1	1	1
15	19232	1	2	2	1	30720	640	5120	10,12	2	1	1,1	0	1	1	1	1	1	0	0	4	0	1	1	1
15	19264	1	2	2	1	30720	640	5120	10,12	2	1	1,1	0	1	1	1	1	1	0	0	4	0	1	1	1
15	19328	1	2	2	1	30720	640	5120	10,12	2	1	1,1	0	1	1	1	1	1	0	0	4	0	1	1	1
15	19459	1	2	3	1	30720	704	4864	8,9,12	3	2	1,1,2	0	1	1	1	1	1	0	0	5	0	2	1	1
15	19461	1	2	3	1	30720	704	4864	8,9,12	3	2	1,1,2	0	1	1	1	1	1	0	0	5	0	2	1	1
15	19462	1	2	3	1	30720	704	4864	8,9,12	3	2	1,1,2	0	1	1	1	1	1	0	0	5	0	2	1	1
15	19465	1	2	3	1	30720	704	4864	8,9,12	3	2	1,1,2	0	1	1	1	1	1	0	0	5	0	2	1	1
15	19466	1	2	3	1	30720	704	4864	8,9,12	3	2	1,1,2	0	1	1	1	1	1	0	0	5	0	2	1	1
15	19468	1	2	3	1	30720	704	4864	8,9,12	3	2	1,1,2	0	1	1	1	1	1	0	0	5	0	2	1	1
15	19473	1	2	3	1	30720	704	4864	8,9,12	3	2	1,1,2	0	1	1	1	1	1	0	0	5	0	2	1	1
15	19474	1	2	3	1	30720	704	4864	8,9,12	3	2	1,1,2	0	1	1	1	1	1	0	0	5	0	2	1	1
15	19476	1	2	3	1	30720	704	4864	8,9,12	3	2	1,1,2	0	1	1	1	1	1	0	0	5	0	2	1	1
15	19480	1	2	3	1	30720	704	4864	8,9,12	3	2	1,1,2	0	1	1	1	1	1	0	0	5	0	2	1	1
15	19489	1	2	3	1	30720	704	4864	8,9,12	3	2	1,1,2	0	1	1	1	1	1	0	0	5	0	2	1	1
15	19490	1	2	3	1	30720	704	4864	8,9,12	3	2	1,1,2	0	1	1	1	1	1	0	0	5	0	2	1	1
15	19492	1	2	3	1	30720	704	4864	8,9,12	3	2	1,1,2	0	1	1	1	1	1	0	0	5	0	2	1	1
15	19496	1	2	3	1	30720	704	4864	8,9,12	3	2	1,1,2	0	1	1	1	1	1	0	0	5	0	2	1	1
15	19504	1	2	3	1	30720	704	4864	8,9,12	3	2	1,1,2	0	1	1	1	1	1	0	0	5	0	2	1	1
15	19521	1	2	3	1	30720	704	4864	8,9,12	3	2	1,1,2	0	1	1	1	1	1	0	0	5	0	2	1	1
15	19522	1	2	3	1	30720	704	4864	8,9,12	3	2	1,1,2	0	1	1	1	1	1	0	0	5	0	2	1	1
15	19524	1	2	3	1	30720	704	4864	8,9,12	3	2	1,1,2	0	1	1	1	1	1	0	0	5	0	2	1	1
15	19528	1	2	3	1	30720	704	4864	8,9,12	3	2	1,1,2	0	1	1	1	1	1	0	0	5	0	2	1	1
15	19536	1	2	3	1	30720	704	4864	8,9,12	3	2	1,1,2	0	1	1	1	1	1	0	0	5	0	2	1	1
15	19552	1	2	3	1	30720	704	4864	8,9,12	3	2	1,1,2	0	1	1	1	1	1	0	0	5	0	2	1	1
15	19585	1	2	3	1	30720	704	4864	8,9,12	3	2	1,1,2	0	1	1	1	1	1	0	0	5	0	2	1	1
15	19586	1	2	3	1	30720	704	4864	8,9,12	3	2	1,1,2	0	1	1	1	1	1	0	0	5	0	2	1	1
15	19588	1	2	3	1	30720	704	4864	8,9,12	3	2	1,1,2	0	1	1	1	1	1	0	0	5	0	2	1	1
15	19592	1	2	3	1	30720	704	4864	8,9,12	3	2	1,1,2	0	1	1	1	1	1	0	0	5	0	2	1	1
15	19600	1	2	3	1	30720	704	4864	8,9,12	3	2	1,1,2	0	1	1	1	1	1	0	0	5	0	2	1	1
15	19616	1	2	3	1	30720	704	4864	8,9,12	3	2	1,1,2	0	1	1	1	1	1	0	0	5	0	2	1	1
15	19648	1	2	3	1	30720	704	4864	8,9,12	3	2	1,1,2	0	1	1	1	1	1	0	0	5	0	2	1	1
15	19713	1	2	2	1	30720	640	4608	9,12	2	1	1,1	0	1	1	1	1	1	0	0	4	0	1	1	1
15	19714	1	2	2	1	30720	640	4608	9,12	2	1	1,1	0	1	1	1	1	1	0	0	4	0	1	1	1
15	19716	1	2	2	1	30720	640	4608	9,12	2	1	1,1	0	1	1	1	1	1	0	0	4	0	1	1	1
15	19720	1	2	2	1	30720	640	4608	9,12	2	1	1,1	0	1	1	1	1	1	0	0	4	0	1	1	1
15	19728	1	2	2	1	30720	640	4608	9,12	2	1	1,1	0	1	1	1	1	1	0	0	4	0	1	1	1
15	19744	1	2	2	1	30720	640	4608	9,12	2	1	1,1	0	1	1	1	1	1	0	0	4	0	1	1	1
15	19776	1	2	2	1	30720	640	4608	9,12	2	1	1,1	0	1	1	1	1	1	0	0	4	0	1	1	1
15	19840	1	2	2	1	30720	640	4608	9,12	2	1	1,1	0	1	1	1	1	1	0	0	4	0	1	1	1
15	19969	1	2	2	1	30720	640	4352	8,12	2	1	1,1	0	1	1	1	1	1	0	0	4	0	1	1	1
15	19970	1	2	2	1	30720	640	4352	8,12	2	1	1,1	0	1	1	1	1	1	0	0	4	0	1	1	1
15	19972	1	2	2	1	30720	640	4352	8,12	2	1	1,1	0	1	1	1	1	1	0	0	4	0	1	1	1
15	19976	1	2	2	1	30720	640	4352	8,12	2	1	1,1	0	1	1	1	1	1	0	0	4	0	1	1	1
15	19984	1	2	2	1	30720	640	4352	8,12	2	1	1,1	0	1	1	1	1	1	0	0	4	0	1	1	1
15	20000	1	2	2	1	30720	640	4352	8,12	2	1	1,1	0	1	1	1	1	1	0	0	4	0	1	1	1
15	20032	1	2	2	1	30720	640	4352	8,12	2	1	1,1	0	1	1	1	1	1	0	0	4	0	1	1	1
15	20096	1	2	2	1	30720	640	4352	8,12	2	1	1,1	0	1	1	1	1	1	0	0	4	0	1	1	1
15	20224	1	2	1	1	30720	512	4096	12	1	0	0	1	1	1	1	1	1	0	0	3	0	0	1	1
15	20487	1	2	4	1	30720	736	3840	8,9,10,11	4	3	1,1,1,3	0	1	0	1	1	1	0	0	6	0	3	1	1
15	20491	1	2	4	1	30720	736	3840	8,9,10,11	4	3	1,1,1,3	0	1	0	1	1	1	0	0	6	0	3	1	1
15	20493	1	2	4	1	30720	736	3840	8,9,10,11	4	3	1,1,1,3	0	1	0	1	1	1	0	0	6	0	3	1	1
15	20494	1	2	4	1	30720	736	3840	8,9,10,11	4	3	1,1,1,3	0	1	0	1	1	1	0	0	6	0	3	1	1
15	20499	1	2	4	1	30720	736	3840	8,9,10,11	4	3	1,1,1,3	0	1	0	1	1	1	0	0	6	0	3	1	1
15	20501	1	2	4	1	30720	736	3840	8,9,10,11	4	3	1,1,1,3	0	1	0	1	1	1	0	0	6	0	3	1	1
15	20502	1	2	4	1	30720	736	3840	8,9,10,11	4	3	1,1,1,3	0	1	0	1	1	1	0	0	6	0	3	1	1
15	20505	1	2	4	1	30720	736	3840	8,9,10,11	4	3	1,1,1,3	0	1	0	1	1	1	0	0	6	0	3	1	1
15	20506	1	2	4	1	30720	736	3840	8,9,10,11	4	3	1,1,1,3	0	1	0	1	1	1	0	0	6	0	3	1	1
15	20508	1	2	4	1	30720	736	3840	8,9,10,11	4	3	1,1,1,3	0	1	0	1	1	1	0	0	6	0	3	1	1
15	20515	1	2	4	1	30720	736	3840	8,9,10,11	4	3	1,1,1,3	0	1	0	1	1	1	0	0	6	0	3	1	1
15	20517	1	2	4	1	30720	736	3840	8,9,10,11	4	3	1,1,1,3	0	1	0	1	1	1	0	0	6	0	3	1	1
15	20518	1	2	4	1	30720	736	3840	8,9,10,11	4	3	1,1,1,3	0	1	0	1	1	1	0	0	6	0	3	1	1
15	20521	1	2	4	1	30720	736	3840	8,9,10,11	4	3	1,1,1,3	0	1	0	1	1	1	0	0	6	0	3	1	1
15	20522	1	2	4	1	30720	736	3840	8,9,10,11	4	3	1,1,1,3	0	1	0	1	1	1	0	0	6	0	3	1	1
15	20524	1	2	4	1	30720	736	3840	8,9,10,11	4	3	1,1,1,3	0	1	0	1	1	1	0	0	6	0	3	1	1
15	20529	1	2	4	1	30720	736	3840	8,9,10,11	4	3	1,1,1,3	0	1	0	1	1	1	0	0	6	0	3	1	1
15	20530	1	2	4	1	30720	736	3840	8,9,10,11	4	3	1,1,1,3	0	1	0	1	1	1	0	0	6	0	3	1	1
15	20532	1	2	4	1	30720	736	3840	8,9,10,11	4	3	1,1,1,3	0	1	0	1	1	1	0	0	6	0	3	1	1
15	20536	1	2	4	1	30720	736	3840	8,9,10,11	4	3	1,1,1,3	0	1	0	1	1	1	0	0	6	0	3	1	1
15	20547	1	2	4	1	30720	736	3840	8,9,10,11	4	3	1,1,1,3	0	1	0	1	1	1	0	0	6	0	3	1	1
15	20549	1	2	4	1	30720	736	3840	8,9,10,11	4	3	1,1,1,3	0	1	0	1	1	1	0	0	6	0	3	1	1
15	20550	1	2	4	1	30720	736	3840	8,9,10,11	4	3	1,1,1,3	0	1	0	1	1	1	0	0	6	0	3	1	1
15	20553	1	2	4	1	30720	736	3840	8,9,10,11	4	3	1,1,1,3	0	1	0	1	1	1	0	0	6	0	3	1	1
15	20554	1	2	4	1	30720	736	3840	8,9,10,11	4	3	1,1,1,3	0	1	0	1	1	1	0	0	6	0	3	1	1
15	20556	1	2	4	1	30720	736	3840	8,9,10,11	4	3	1,1,1,3	0	1	0	1	1	1	0	0	6	0	3	1	1
15	20561	1	2	4	1	30720	736	3840	8,9,10,11	4	3	1,1,1,3	0	1	0	1	1	1	0	0	6	0	3	1	1
15	20562	1	2	4	1	30720	736	3840	8,9,10,11	4	3	1,1,1,3	0	1	0	1	1	1	0	0	6	0	3	1	1
15	20564	1	2	4	1	30720	736	3840	8,9,10,11	4	3	1,1,1,3	0	1	0	1	1	1	0	0	6	0	3	1	1
15	20568	1	2	4	1	30720	736	3840	8,9,10,11	4	3	1,1,1,3	0	1	0	1	1	1	0	0	6	0	3	1	1
15	20577	1	2	4	1	30720	736	3840	8,9,10,11	4	3	1,1,1,3	0	1	0	1	1	1	0	0	6	0	3	1	1
15	20578	1	2	4	1	30720	736	3840	8,9,10,11	4	3	1,1,1,3	0	1	0	1	1	1	0	0	6	0	3	1	1
15	20580	1	2	4	1	30720	736	3840	8,9,10,11	4	3	1,1,1,3	0	1	0	1	1	1	0	0	6	0	3	1	1
15	20584	1	2	4	1	30720	736	3840	8,9,10,11	4	3	1,1,1,3	0	1	0	1	1	1	0	0	6	0	3	1	1
15	20592	1	2	4	1	30720	736	3840	8,9,10,11	4	3	1,1,1,3	0	1	0	1	1	1	0	0	6	0	3	1	1
15	20611	1	2	4	1	30720	736	3840	8,9,10,11	4	3	1,1,1,3	0	1	0	1	1	1	0	0	6	0	3	1	1
15	20613	1	2	4	1	30720	736	3840	8,9,10,11	4	3	1,1,1,3	0	1	0	1	1	1	0	0	6	0	3	1	1
15	20614	1	2	4	1	30720	736	3840	8,9,10,11	4	3	1,1,1,3	0	1	0	1	1	1	0	0	6	0	3	1	1
15	20617	1	2	4	1	30720	736	3840	8,9,10,11	4	3	1,1,1,3	0	1	0	1	1	1	0	0	6	0	3	1	1
15	20618	1	2	4	1	30720	736	3840	8,9,10,11	4	3	1,1,1,3	0	1	0	1	1	1	0	0	6	0	3	1	1
15	20620	1	2	4	1	30720	736	3840	8,9,10,11	4	3	1,1,1,3	0	1	0	1	1	1	0	0	6	0	3	1	1
15	20625	1	2	4	1	30720	736	3840	8,9,10,11	4	3	1,1,1,3	0	1	0	1	1	1	0	0	6	0	3	1	1
15	20626	1	2	4	1	30720	736	3840	8,9,10,11	4	3	1,1,1,3	0	1	0	1	1	1	0	0	6	0	3	1	1
15	20628	1	2	4	1	30720	736	3840	8,9,10,11	4	3	1,1,1,3	0	1	0	1	1	1	0	0	6	0	3	1	1
15	20632	1	2	4	1	30720	736	3840	8,9,10,11	4	3	1,1,1,3	0	1	0	1	1	1	0	0	6	0	3	1	1
15	20641	1	2	4	1	30720	736	3840	8,9,10,11	4	3	1,1,1,3	0	1	0	1	1	1	0	0	6	0	3	1	1
15	20642	1	2	4	1	30720	736	3840	8,9,10,11	4	3	1,1,1,3	0	1	0	1	1	1	0	0	6	0	3	1	1
15	20644	1	2	4	1	30720	736	3840	8,9,10,11	4	3	1,1,1,3	0	1	0	1	1	1	0	0	6	0	3	1	1
15	20648	1	2	4	1	30720	736	3840	8,9,10,11	4	3	1,1,1,3	0	1	0	1	1	1	0	0	6	0	3	1	1
15	20656	1	2	4	1	30720	736	3840	8,9,10,11	4	3	1,1,1,3	0	1	0	1	1	1	0	0	6	0	3	1	1
15	20673	1	2	4	1	30720	736	3840	8,9,10,11	4	3	1,1,1,3	0	1	0	1	1	1	0	0	6	0	3	1	1
15	20674	1	2	4	1	30720	736	3840	8,9,10,11	4	3	1,1,1,3	0	1	0	1	1	1	0	0	6	0	3	1	1
15	20676	1	2	4	1	30720	736	3840	8,9,10,11	4	3	1,1,1,3	0	1	0	1	1	1	0	0	6	0	3	1	1
15	20680	1	2	4	1	30720	736	3840	8,9,10,11	4	3	1,1,1,3	0	1	0	1	1	1	0	0	6	0	3	1	1
15	20688	1	2	4	1	30720	736	3840	8,9,10,11	4	3	1,1,1,3	0	1	0	1	1	1	0	0	6	0	3	1	1
15	20704	1	2	4	1	30720	736	3840	8,9,10,11	4	3	1,1,1,3	0	1	0	1	1	1	0	0	6	0	3	1	1
15	20739	1	2	3	1	30720	704	3584	9,10,11	3	2	1,1,2	0	1	1	1	1	1	0	0	5	0	2	1	1
15	20741	1	2	3	1	30720	704	3584	9,10,11	3	2	1,1,2	0	1	1	1	1	1	0	0	5	0	2	1	1
15	20742	1	2	3	1	30720	704	3584	9,10,11	3	2	1,1,2	0	1	1	1	1	1	0	0	5	0	2	1	1
15	20745	1	2	3	1	30720	704	3584	9,10,11	3	2	1,1,2	0	1	1	1	1	1	0	0	5	0	2	1	1
15	20746	1	2	3	1	30720	704	3584	9,10,11	3	2	1,1,2	0	1	1	1	1	1	0	0	5	0	2	1	1
15	20748	1	2	3	1	30720	704	3584	9,10,11	3	2	1,1,2	0	1	1	1	1	1	0	0	5	0	2	1	1
15	20753	1	2	3	1	30720	704	3584	9,10,11	3	2	1,1,2	0	1	1	1	1	1	0	0	5	0	2	1	1
15	20754	1	2	3	1	30720	704	3584	9,10,11	3	2	1,1,2	0	1	1	1	1	1	0	0	5	0	2	1	1
15	20756	1	2	3	1	30720	704	3584	9,10,11	3	2	1,1,2	0	1	1	1	1	1	0	0	5	0	2	1	1
15	20760	1	2	3	1	30720	704	3584	9,10,11	3	2	1,1,2	0	1	1	1	1	1	0	0	5	0	2	1	1
15	20769	1	2	3	1	30720	704	3584	9,10,11	3	2	1,1,2	0	1	1	1	1	1	0	0	5	0	2	1	1
15	20770	1	2	3	1	30720	704	3584	9,10,11	3	2	1,1,2	0	1	1	1	1	1	0	0	5	0	2	1	1
15	20772	1	2	3	1	30720	704	3584	9,10,11	3	2	1,1,2	0	1	1	1	1	1	0	0	5	0	2	1	1
15	20776	1	2	3	1	30720	704	3584	9,10,11	3	2	1,1,2	0	1	1	1	1	1	0	0	5	0	2	1	1
15	20784	1	2	3	1	30720	704	3584	9,10,11	3	2	1,1,2	0	1	1	1	1	1	0	0	5	0	2	1	1
15	20801	1	2	3	1	30720	704	3584	9,10,11	3	2	1,1,2	0	1	1	1	1	1	0	0	5	0	2	1	1
15	20802	1	2	3	1	30720	704	3584	9,10,11	3	2	1,1,2	0	1	1	1	1	1	0	0	5	0	2	1	1
15	20804	1	2	3	1	30720	704	3584	9,10,11	3	2	1,1,2	0	1	1	1	1	1	0	0	5	0	2	1	1
15	20808	1	2	3	1	30720	704	3584	9,10,11	3	2	1,1,2	0	1	1	1	1	1	0	0	5	0	2	1	1
15	20816	1	2	3	1	30720	704	3584	9,10,11	3	2	1,1,2	0	1	1	1	1	1	0	0	5	0	2	1	1
15	20832	1	2	3	1	30720	704	3584	9,10,11	3	2	1,1,2	0	1	1	1	1	1	0	0	5	0	2	1	1
15	20865	1	2	3	1	30720	704	3584	9,10,11	3	2	1,1,2	0	1	1	1	1	1	0	0	5	0	2	1	1
15	20866	1	2	3	1	30720	704	3584	9,10,11	3	2	1,1,2	0	1	1	1	1	1	0	0	5	0	2	1	1
15	20868	1	2	3	1	30720	704	3584	9,10,11	3	2	1,1,2	0	1	1	1	1	1	0	0	5	0	2	1	1
15	20872	1	2	3	1	30720	704	3584	9,10,11	3	2	1,1,2	0	1	1	1	1	1	0	0	5	0	2	1	1
15	20880	1	2	3	1	30720	704	3584	9,10,11	3	2	1,1,2	0	1	1	1	1	1	0	0	5	0	2	1	1
15	20896	1	2	3	1	30720	704	3584	9,10,11	3	2	1,1,2	0	1	1	1	1	1	0	0	5	0	2	1	1
15	20928	1	2	3	1	30720	704	3584	9,10,11	3	2	1,1,2	0	1	1	1	1	1	0	0	5	0	2	1	1
15	20995	1	2	3	1	30720	704	3328	8,10,11	3	2	1,1,2	0	1	1	1	1	1	0	0	5	0	2	1	1
15	20997	1	2	3	1	30720	704	3328	8,10,11	3	2	1,1,2	0	1	1	1	1	1	0	0	5	0	2	1	1
15	20998	1	2	3	1	30720	704	3328	8,10,11	3	2	1,1,2	0	1	1	1	1	1	0	0	5	0	2	1	1
15	21001	1	2	3	1	30720	704	3328	8,10,11	3	2	1,1,2	0	1	1	1	1	1	0	0	5	0	2	1	1
15	21002	1	2	3	1	30720	704	3328	8,10,11	3	2	1,1,2	0	1	1	1	1	1	0	0	5	0	2	1	1
15	21004	1	2	3	1	30720	704	3328	8,10,11	3	2	1,1,2	0	1	1	1	1	1	0	0	5	0	2	1	1
15	21009	1	2	3	1	30720	704	3328	8,10,11	3	2	1,1,2	0	1	1	1	1	1	0	0	5	0	2	1	1
15	21010	1	2	3	1	30720	704	3328	8,10,11	3	2	1,1,2	0	1	1	1	1	1	0	0	5	0	2	1	1
15	21012	1	2	3	1	30720	704	3328	8,10,11	3	2	1,1,2	0	1	1	1	1	1	0	0	5	0	2	1	1
15	21016	1	2	3	1	30720	704	3328	8,10,11	3	2	1,1,2	0	1	1	1	1	1	0	0	5	0	2	1	1
15	21025	1	2	3	1	30720	704	3328	8,10,11	3	2	1,1,2	0	1	1	1	1	1	0	0	5	0	2	1	1
15	21026	1	2	3	1	30720	704	3328	8,10,11	3	2	1,1,2	0	1	1	1	1	1	0	0	5	0	2	1	1
15	21028	1	2	3	1	30720	704	3328	8,10,11	3	2	1,1,2	0	1	1	1	1	1	0	0	5	0	2	1	1
15	21032	1	2	3	1	30720	704	3328	8,10,11	3	2	1,1,2	0	1	1	1	1	1	0	0	5	0	2	1	1
15	21040	1	2	3	1	30720	704	3328	8,10,11	3	2	1,1,2	0	1	1	1	1	1	0	0	5	0	2	1	1
15	21057	1	2	3	1	30720	704	3328	8,10,11	3	2	1,1,2	0	1	1	1	1	1	0	0	5	0	2	1	1
15	21058	1	2	3	1	30720	704	3328	8,10,11	3	2	1,1,2	0	1	1	1	1	1	0	0	5	0	2	1	1
15	21060	1	2	3	1	30720	704	3328	8,10,11	3	2	1,1,2	0	1	1	1	1	1	0	0	5	0	2	1	1
15	21064	1	2	3	1	30720	704	3328	8,10,11	3	2	1,1,2	0	1	1	1	1	1	0	0	5	0	2	1	1
15	21072	1	2	3	1	30720	704	3328	8,10,11	3	2	1,1,2	0	1	1	1	1	1	0	0	5	0	2	1	1
15	21088	1	2	3	1	30720	704	3328	8,10,11	3	2	1,1,2	0	1	1	1	1	1	0	0	5	0	2	1	1
15	21121	1	2	3	1	30720	704	3328	8,10,11	3	2	1,1,2	0	1	1	1	1	1	0	0	5	0	2	1	1
15	21122	1	2	3	1	30720	704	3328	8,10,11	3	2	1,1,2	0	1	1	1	1	1	0	0	5	0	2	1	1
15	21124	1	2	3	1	30720	704	3328	8,10,11	3	2	1,1,2	0	1	1	1	1	1	0	0	5	0	2	1	1
15	21128	1	2	3	1	30720	704	3328	8,10,11	3	2	1,1,2	0	1	1	1	1	1	0	0	5	0	2	1	1
15	21136	1	2	3	1	30720	704	3328	8,10,11	3	2	1,1,2	0	1	1	1	1	1	0	0	5	0	2	1	1
15	21152	1	2	3	1	30720	704	3328	8,10,11	3	2	1,1,2	0	1	1	1	1	1	0	0	5	0	2	1	1
15	21184	1	2	3	1	30720	704	3328	8,10,11	3	2	1,1,2	0	1	1	1	1	1	0	0	5	0	2	1	1
15	21249	1	2	2	1	30720	640	3072	10,11	2	1	1,1	0	1	1	1	1	1	0	0	4	0	1	1	1
15	21250	1	2	2	1	30720	640	3072	10,11	2	1	1,1	0	1	1	1	1	1	0	0	4	0	1	1	1
15	21252	1	2	2	1	30720	640	3072	10,11	2	1	1,1	0	1	1	1	1	1	0	0	4	0	1	1	1
15	21256	1	2	2	1	30720	640	3072	10,11	2	1	1,1	0	1	1	1	1	1	0	0	4	0	1	1	1
15	21264	1	2	2	1	30720	640	3072	10,11	2	1	1,1	0	1	1	1	1	1	0	0	4	0	1	1	1
15	21280	1	2	2	1	30720	640	3072	10,11	2	1	1,1	0	1	1	1	1	1	0	0	4	0	1	1	1
15	21312	1	2	2	1	30720	640	3072	10,11	2	1	1,1	0	1	1	1	1	1	0	0	4	0	1	1	1
15	21376	1	2	2	1	30720	640	3072	10,11	2	1	1,1	0	1	1	1	1	1	0	0	4	0	1	1	1
15	21507	1	2	3	1	30720	704	2816	8,9,11	3	2	1,1,2	0	1	1	1	1	1	0	0	5	0	2	1	1
15	21509	1	2	3	1	30720	704	2816	8,9,11	3	2	1,1,2	0	1	1	1	1	1	0	0	5	0	2	1	1
15	21510	1	2	3	1	30720	704	2816	8,9,11	3	2	1,1,2	0	1	1	1	1	1	0	0	5	0	2	1	1
15	21513	1	2	3	1	30720	704	2816	8,9,11	3	2	1,1,2	0	1	1	1	1	1	0	0	5	0	2	1	1
15	21514	1	2	3	1	30720	704	2816	8,9,11	3	2	1,1,2	0	1	1	1	1	1	0	0	5	0	2	1	1
15	21516	1	2	3	1	30720	704	2816	8,9,11	3	2	1,1,2	0	1	1	1	1	1	0	0	5	0	2	1	1
15	21521	1	2	3	1	30720	704	2816	8,9,11	3	2	1,1,2	0	1	1	1	1	1	0	0	5	0	2	1	1
15	21522	1	2	3	1	30720	704	2816	8,9,11	3	2	1,1,2	0	1	1	1	1	1	0	0	5	0	2	1	1
15	21524	1	2	3	1	30720	704	2816	8,9,11	3	2	1,1,2	0	1	1	1	1	1	0	0	5	0	2	1	1
15	21528	1	2	3	1	30720	704	2816	8,9,11	3	2	1,1,2	0	1	1	1	1	1	0	0	5	0	2	1	1
15	21537	1	2	3	1	30720	704	2816	8,9,11	3	2	1,1,2	0	1	1	1	1	1	0	0	5	0	2	1	1
15	21538	1	2	3	1	30720	704	2816	8,9,11	3	2	1,1,2	0	1	1	1	1	1	0	0	5	0	2	1	1
15	21540	1	2	3	1	30720	704	2816	8,9,11	3	2	1,1,2	0	1	1	1	1	1	0	0	5	0	2	1	1
15	21544	1	2	3	1	30720	704	2816	8,9,11	3	2	1,1,2	0	1	1	1	1	1	0	0	5	0	2	1	1
15	21552	1	2	3	1	30720	704	2816	8,9,11	3	2	1,1,2	0	1	1	1	1	1	0	0	5	0	2	1	1
15	21569	1	2	3	1	30720	704	2816	8,9,11	3	2	1,1,2	0	1	1	1	1	1	0	0	5	0	2	1	1
15	21570	1	2	3	1	30720	704	2816	8,9,11	3	2	1,1,2	0	1	1	1	1	1	0	0	5	0	2	1	1
15	21572	1	2	3	1	30720	704	2816	8,9,11	3	2	1,1,2	0	1	1	1	1	1	0	0	5	0	2	1	1
15	21576	1	2	3	1	30720	704	2816	8,9,11	3	2	1,1,2	0	1	1	1	1	1	0	0	5	0	2	1	1
15	21584	1	2	3	1	30720	704	2816	8,9,11	3	2	1,1,2	0	1	1	1	1	1	0	0	5	0	2	1	1
15	21600	1	2	3	1	30720	704	2816	8,9,11	3	2	1,1,2	0	1	1	1	1	1	0	0	5	0	2	1	1
15	21633	1	2	3	1	30720	704	2816	8,9,11	3	2	1,1,2	0	1	1	1	1	1	0	0	5	0	2	1	1
15	21634	1	2	3	1	30720	704	2816	8,9,11	3	2	1,1,2	0	1	1	1	1	1	0	0	5	0	2	1	1
15	21636	1	2	3	1	30720	704	2816	8,9,11	3	2	1,1,2	0	1	1	1	1	1	0	0	5	0	2	1	1
15	21640	1	2	3	1	30720	704	2816	8,9,11	3	2	1,1,2	0	1	1	1	1	1	0	0	5	0	2	1	1
15	21648	1	2	3	1	30720	704	2816	8,9,11	3	2	1,1,2	0	1	1	1	1	1	0	0	5	0	2	1	1
15	21664	1	2	3	1	30720	704	2816	8,9,11	3	2	1,1,2	0	1	1	1	1	1	0	0	5	0	2	1	1
15	21696	1	2	3	1	30720	704	2816	8,9,11	3	2	1,1,2	0	1	1	1	1	1	0	0	5	0	2	1	1
15	21761	1	2	2	1	30720	640	2560	9,11	2	1	1,1	0	1	1	1	1	1	0	0	4	0	1	1	1
15	21762	1	2	2	1	30720	640	2560	9,11	2	1	1,1	0	1	1	1	1	1	0	0	4	0	1	1	1
15	21764	1	2	2	1	30720	640	2560	9,11	2	1	1,1	0	1	1	1	1	1	0	0	4	0	1	1	1
15	21768	1	2	2	1	30720	640	2560	9,11	2	1	1,1	0	1	1	1	1	1	0	0	4	0	1	1	1
15	21776	1	2	2	1	30720	640	2560	9,11	2	1	1,1	0	1	1	1	1	1	0	0	4	0	1	1	1
15	21792	1	2	2	1	30720	640	2560	9,11	2	1	1,1	0	1	1	1	1	1	0	0	4	0	1	1	1
15	21824	1	2	2	1	30720	640	2560	9,11	2	1	1,1	0	1	1	1	1	1	0	0	4	0	1	1	1
15	21888	1	2	2	1	30720	640	2560	9,11	2	1	1,1	0	1	1	1	1	1	0	0	4	0	1	1	1
15	22017	1	2	2	1	30720	640	2304	8,11	2	1	1,1	0	1	1	1	1	1	0	0	4	0	1	1	1
15	22018	1	2	2	1	30720	640	2304	8,11	2	1	1,1	0	1	1	1	1	1	0	0	4	0	1	1	1
15	22020	1	2	2	1	30720	640	2304	8,11	2	1	1,1	0	1	1	1	1	1	0	0	4	0	1	1	1
15	22024	1	2	2	1	30720	640	2304	8,11	2	1	1,1	0	1	1	1	1	1	0	0	4	0	1	1	1
15	22032	1	2	2	1	30720	640	2304	8,11	2	1	1,1	0	1	1	1	1	1	0	0	4	0	1	1	1
15	22048	1	2	2	1	30720	640	2304	8,11	2	1	1,1	0	1	1	1	1	1	0	0	4	0	1	1	1
15	22080	1	2	2	1	30720	640	2304	8,11	2	1	1,1	0	1	1	1	1	1	0	0	4	0	1	1	1
15	22144	1	2	2	1	30720	640	2304	8,11	2	1	1,1	0	1	1	1	1	1	0	0	4	0	1	1	1
15	22272	1	2	1	1	30720	512	2048	11	1	0	0	1	1	1	1	1	1	0	0	3	0	0	1	1
