failure_kind	graph6	graph_id	rule	Y_mask	Y_vertices	score1	score2	q	is_good	is_H0	Delta_min	rho	ell	degree_sum	boundary_size	inherited_count	induced_type	primary_ties	good_ties	H0_ties	first_H0_tie_Y
deterministic	N????????@_]?{~A^w?	49	min_ell	6592	6,7,8,11,12	5	0	1	1	0	1	2	5	17	5	0	222	5	5	1	7936
no_H0_tied_minimizer	N???????_P_eorNSM[?	166	min_ell	8252	2,3,4,5,13	6	0	2	1	0	2	2	6	14	6	0	75	1	1	0	-1
deterministic	N???????????o?N~~~_	1	min_degree_sum	31	0,1,2,3,4	10	0	1	1	0	1	1	10	10	10	0	0	792	792	672	61
no_H0_tied_minimizer	N??????????^?}~@~~?	26	min_degree_sum	31	0,1,2,3,4	10	0	1	1	0	1	1	10	10	10	0	0	6	6	0	-1
deterministic	N????????@_]?{~A^w?	49	min_boundary	6592	6,7,8,11,12	5	0	1	1	0	1	2	5	17	5	0	222	5	5	1	7936
no_H0_tied_minimizer	N???????_P_eorNSM[?	166	min_boundary	8252	2,3,4,5,13	6	0	2	1	0	2	2	6	14	6	0	75	1	1	0	-1
deterministic	N????B_w?^b}F{~o^w?	942	max_inherited_count	775	0,1,2,8,9	-11	0	6	0	0	0	0	12	24	12	11	222	303	291	291	3083
no_H0_tied_minimizer	N?COOKQB?B}PzAw[[M?	9726	max_inherited_count	7936	8,9,10,11,12	-11	0	6	0	0	0	0	19	27	19	11	75	1	0	0	-1
deterministic	N???????_P_eorNSM[?	166	min_ell_then_max_inherited	8252	2,3,4,5,13	6	0	2	1	0	2	2	6	14	6	0	75	1	1	0	-1
no_H0_tied_minimizer	N???????_P_eorNSM[?	166	min_ell_then_max_inherited	8252	2,3,4,5,13	6	0	2	1	0	2	2	6	14	6	0	75	1	1	0	-1
deterministic	N??????????^?}~@~~?	26	min_degree_sum_then_max_inherited	31	0,1,2,3,4	10	0	1	1	0	1	1	10	10	10	0	0	6	6	0	-1
no_H0_tied_minimizer	N??????????^?}~@~~?	26	min_degree_sum_then_max_inherited	31	0,1,2,3,4	10	0	1	1	0	1	1	10	10	10	0	0	6	6	0	-1
deterministic	N???????_P_eorNSM[?	166	min_boundary_then_max_inherited	8252	2,3,4,5,13	6	0	2	1	0	2	2	6	14	6	0	75	1	1	0	-1
no_H0_tied_minimizer	N???????_P_eorNSM[?	166	min_boundary_then_max_inherited	8252	2,3,4,5,13	6	0	2	1	0	2	2	6	14	6	0	75	1	1	0	-1
deterministic	N?????B?u@bewpNq^e?	403	max_inherited_then_min_ell	12484	2,6,7,12,13	-6	12	6	0	0	0	0	12	24	12	6	222	1	0	0	-1
no_H0_tied_minimizer	N?????B?u@bewpNq^e?	403	max_inherited_then_min_ell	12484	2,6,7,12,13	-6	12	6	0	0	0	0	12	24	12	6	222	1	0	0	-1
deterministic	N????@o[B}P}b{b{^w?	807	max_inherited_then_min_degree_sum	782	1,2,3,8,9	-11	24	6	0	0	0	0	12	24	12	11	222	1	0	0	-1
no_H0_tied_minimizer	N????@o[B}P}b{b{^w?	807	max_inherited_then_min_degree_sum	782	1,2,3,8,9	-11	24	6	0	0	0	0	12	24	12	11	222	1	0	0	-1
deterministic	N?????B?u@bewpNq^e?	403	max_inherited_then_min_boundary	12484	2,6,7,12,13	-6	12	6	0	0	0	0	12	24	12	6	222	1	0	0	-1
no_H0_tied_minimizer	N?????B?u@bewpNq^e?	403	max_inherited_then_min_boundary	12484	2,6,7,12,13	-6	12	6	0	0	0	0	12	24	12	6	222	1	0	0	-1
deterministic	N????????@_]?{~A^w?	49	min_ell_then_min_degree_sum	6592	6,7,8,11,12	5	17	1	1	0	1	2	5	17	5	0	222	5	5	1	7936
no_H0_tied_minimizer	N???????Fo^?@~@~^}?	131	min_ell_then_min_degree_sum	1039	0,1,2,3,10	11	19	3	1	0	1	1	11	19	11	0	75	20	20	0	-1
deterministic	N????????@_]?{~A^w?	49	min_boundary_then_min_degree_sum	6592	6,7,8,11,12	5	17	1	1	0	1	2	5	17	5	0	222	5	5	1	7936
no_H0_tied_minimizer	N???????Fo^?@~@~^}?	131	min_boundary_then_min_degree_sum	1039	0,1,2,3,10	11	19	3	1	0	1	1	11	19	11	0	75	20	20	0	-1
