induced_type	edges	edge_count	degree_sequence	components	is_independent	is_C5	graphs_with_H0
0	-	0	0,0,0,0,0	5	1	0	19261
1	0-1	1	1,1,0,0,0	4	0	0	19245
3	0-1,0-2	2	2,1,1,0,0	3	0	0	19255
11	0-1,0-2,0-3	3	3,1,1,1,0	2	0	0	19259
12	1-2,0-3	2	1,1,1,1,0	3	0	0	18344
13	0-1,1-2,0-3	3	2,2,1,1,0	2	0	0	19145
30	0-2,1-2,0-3,1-3	4	2,2,2,2,0	2	0	0	19249
75	0-1,0-2,0-3,0-4	4	4,1,1,1,1	1	0	0	19216
76	1-2,0-3,0-4	3	2,1,1,1,1	2	0	0	19147
77	0-1,1-2,0-3,0-4	4	3,2,1,1,1	1	0	0	19261
86	0-2,1-2,1-3,0-4	4	2,2,2,1,1	1	0	0	19155
94	0-2,1-2,0-3,1-3,0-4	5	3,2,2,2,1	1	0	0	19263
222	0-2,1-2,0-3,1-3,0-4,1-4	6	3,3,2,2,2	1	0	0	18704
236	1-2,0-3,2-3,0-4,1-4	5	2,2,2,2,2	1	0	1	18663
